State,Year,Jan,Feb,Mar,Apr,May,Jun,Jul,Aug,Sep,Oct,Nov,Dec,Annual
California,1900,50.7,53.6,55.1,53.9,57.1,M,58.2,59.6,63.3,58.7,56.3,50.2,56.1
California,1901,49.8,52.1,55.8,51.8,53.9,M,55.7,56.4,58.5,61.7,57.3,52.9,55.1
California,1902,46.7,52.9,51.6,54.4,55.5,M,59.2,60.6,61.9,59.2,54.8,50.7,55.2
California,1903,47.9,48.9,52.2,53.9,55.2,M,57.2,57.7,61,62.1,56.6,52.4,55
California,1904,50.8,50.8,51.9,57,58.9,M,57.1,57,64,62,58,50.6,56.2
California,1905,51.2,54.1,57,56.5,55.5,M,59.5,58.3,60.4,60.5,56.2,50.7,56.4
California,1906,51.7,55.3,54,56.1,56.2,M,57.5,57.8,59.9,61.7,55.4,49.6,55.9
California,1907,47.1,54.9,51,56.8,56.4,M,58,59.4,60.7,60.6,57.8,52.4,55.9
California,1908,50.9,50.9,54.9,56.6,55.4,M,57.3,57,60.5,58.8,55.5,47.1,55
California,1909,51.5,51.3,51.8,56.6,54.5,M,57.8,57.7,61.6,59.5,55,49.2,55.1
California,1910,46.4,50.3,54.9,57.2,58.7,M,56.5,56.6,57.7,61.2,54.8,52.9,55.2
California,1911,51,49.3,54.4,53.6,55.7,54.6,56.5,56.6,60,60.9,56.9,52.1,55.1
California,1912,51.8,54.7,52.3,52.8,56.9,60.5,58,59.9,63.7,60,57.1,51.8,56.6
California,1913,47.5,52.4,52.7,55.5,56.5,57.9,60.6,62.1,64.4,61.5,55.6,50.2,56.4
California,1914,51.5,53.9,58.4,58.3,56.1,56.6,57.2,58.2,61.1,62,60,48.8,56.8
California,1915,50.8,52.8,57.9,57.1,57.5,59.1,60.4,61.3,62.1,61.3,56.3,53.2,57.5
California,1916,47,55.9,56.6,57.6,56.1,57.1,60.5,58.5,62.4,56.9,54.6,49.5,56.1
California,1917,47.6,52,51.7,55.1,54,58.3,60,57.6,64,62.3,59.1,54.6,56.4
California,1918,52.7,51.9,54.9,57.3,54.6,59.3,58.8,60.9,62.3,64,56.1,50.5,56.9
California,1919,51.2,51.6,52.6,56,56.6,57.9,57.5,58.3,62.3,60.7,57,49.2,55.9
California,1920,52.2,52.8,52.4,54.9,55.3,60.1,57.5,60.1,60.6,60.2,55.5,50.6,56
California,1921,49.5,52.9,54.5,54.9,54.3,61.4,59.8,59.5,63.3,61.5,57.8,52.9,56.9
California,1922,46.7,50.2,52.3,53.5,58,60,60.2,60.4,63.3,60.6,54.3,50.6,55.8
California,1923,48.1,52.2,56.7,56.1,57.2,57.2,60.8,61.7,63.9,62.5,60.8,51.1,57.4
California,1924,50.2,57.1,54.5,57.5,59.1,59.8,59,59.1,62.5,59.5,56.7,47.9,56.9
California,1925,51.4,55.2,55.4,57,59,60.7,61.2,61.1,62.7,62.1,56.6,52.7,57.9
California,1926,47.9,56,60.7,61.6,61.1,59.2,61.1,60.8,61.2,63.4,60.9,51.5,58.8
California,1927,51.3,54,54.2,55.7,58.2,59.8,58.7,59.9,62.4,62.5,58.1,51.8,57.2
California,1928,50.5,55.1,58.2,57.7,58.9,60.5,58.7,58.3,61.4,59.5,56.4,49.6,57.1
California,1929,47.5,51.8,54.2,53.4,56.5,63,61.5,61.1,61.4,63.5,59.7,54.1,57.3
California,1930,49.7,56.6,57.5,59.2,56.1,59.9,58.6,61.5,62.4,63.2,58,52.1,57.9
California,1931,52.3,56.7,59,59,61.9,62,62.3,60.4,62.8,59.8,54.5,49.4,58.3
California,1932,49.3,51.4,57.1,56,58.4,59.2,59.7,61,63,62.1,60.7,47.5,57.1
California,1933,47,51.2,55.4,55.5,55.1,57.6,59.5,59.8,61.1,62.3,60,50.5,56.3
California,1934,51.8,55.6,60.6,59,60.6,60.9,59.9,60.9,63.7,61.8,58.5,52.9,58.9
California,1935,50.8,54.1,52.6,58.7,58.7,61.3,60.2,60,60.5,61,54.9,52.8,57.1
California,1936,53.9,53.4,57.5,58.9,61.5,61.7,59.5,59.3,63,62.2,58,51.5,58.4
California,1937,43.6,49.9,54.9,54.5,57.1,61.4,59.3,58.9,61.4,63.4,58.3,54.7,56.5
California,1938,51.5,53.1,52.8,54.9,56.6,57.5,58.9,60.1,61.2,61.6,56.8,53.6,56.5
California,1939,52,51.3,52.7,55.8,57,57.9,59,60.7,66.2,63,59.2,55.3,57.5
California,1940,52.6,55.4,57.4,57.8,58,59,60.2,60,65,62.3,57,55.5,58.4
California,1941,54,55.4,58.4,55.8,61.2,60.1,60.2,61.2,63.5,60.8,58.4,53.5,58.5
California,1942,51.1,53.4,55.3,55.6,56.9,58.6,59.7,58.5,60.3,60.9,56,52.1,56.5
California,1943,51.9,54.8,55.6,55.6,58.6,57.4,59,59.8,63.5,61.2,59.1,53.6,57.5
California,1944,51.8,51.6,55.8,53.2,56.8,57.8,57.3,58.9,60.7,61.4,55.7,54.2,56.3
California,1945,50.2,54.3,51.8,55.9,55.4,61.3,59.5,58.6,62.5,61.6,56.4,52.8,56.7
California,1946,51.4,50.7,53.4,55.2,55.7,58.8,60.5,58.1,62.8,60.3,54.7,51.3,56.1
California,1947,47.2,53.6,56,57.8,57.8,61.8,60.1,61.8,61.4,62,55.3,51,57.2
California,1948,54.7,50.8,51.7,53.6,55.5,59.4,59.3,59.7,60,60.3,56.6,47.8,55.8
California,1949,44.7,48.3,53.2,55.6,56.7,58.8,57.5,59.4,62.5,58.5,59.8,50.6,55.5
California,1950,46.8,51.8,53.2,56.1,54.7,56.8,57.7,59.5,61.9,61.7,61,53.6,56.2
California,1951,50.3,52.2,54,52.3,57.3,56.3,56.2,57.3,59.8,61.5,56.2,50,55.3
California,1952,48,52.1,51.7,55.3,57.3,56.6,58.7,57.9,61.5,58.8,55.9,51.6,55.5
California,1953,54.3,54,53.2,52.7,56.6,57.8,57.2,59.5,62.5,61.6,56.7,55,56.8
California,1954,51.5,53.9,52.1,57,56.1,58.5,59,57.9,61.8,61.5,56.6,49.9,56.3
California,1955,48.1,52.2,54.8,52.3,56.6,57,56.9,56.4,59,59.6,56.2,53,55.2
California,1956,51.7,51.4,53.6,54.4,57.5,58.9,57.1,58.9,62.5,59.4,59.4,52.7,56.5
California,1957,48.8,54,54.1,57.7,57.9,61.4,59.5,59.5,63.6,62.3,56.8,51.5,57.3
California,1958,52.8,56.2,53.1,57.1,59.5,62.4,58.9,61,66.8,61.8,58,57.5,58.8
California,1959,54,53.4,58.2,57.9,56.8,59.4,60,61.8,62.9,65.2,60.2,54.8,58.7
California,1960,51,54.2,55.8,56,56.9,58.9,58.1,57.7,59.8,60.9,55.5,51.4,56.4
California,1961,49,55.4,54.2,56.9,55.7,59.3,60,60.9,63.4,61.2,56.5,50,56.9
California,1962,51.9,51.8,52.6,57,55.2,57.5,56,60,58.3,60.7,58.8,52.9,56.1
California,1963,50.4,58.4,54.1,54.4,57.2,58.1,59.7,59.8,64.7,62.9,56.6,48.2,57
California,1964,50.9,55,53.1,53.8,53.3,57.8,58.8,60,62.4,63,55.3,53.7,56.4
California,1965,51.4,54,54.4,55.7,54.8,56.2,57.4,61.2,61.2,65,58.1,48.3,56.5
California,1966,52.1,51.8,53.8,57.9,55.1,59.4,58.1,58.8,63.5,62.6,57.2,51.3,56.8
California,1967,52.6,53.2,52.7,50.7,57.9,57.1,58.9,59.1,63.5,65.5,60,51.9,56.9
California,1968,49.7,56.7,56.7,56.2,55.7,59,58,62.2,63.1,60.5,56.2,49.8,57
California,1969,48.5,50,54.2,54.2,57,58.7,57.6,59.3,60.9,61.9,59.3,55.8,56.4
California,1970,54,57.3,57.8,53.3,57.7,56.7,57.8,57.2,64.4,58.6,57.8,50.5,56.9
California,1971,50.8,51.9,53.3,53.1,54.5,57.3,57.4,61,64.7,57.8,55.6,49,55.5
California,1972,48.5,54,55.8,55.5,55.5,57.4,60.8,60.2,61.5,61.7,54.9,47.2,56.1
California,1973,50.1,54.9,52.5,57.2,56.3,60.7,58.6,57.1,61.3,61,55.3,52,56.4
California,1974,51.1,52.1,53.3,55.4,54.9,58.2,59.5,59.9,60.3,62.2,56.6,51.1,56.2
California,1975,51,53.3,53.1,51.9,57.2,56.9,58.8,59.5,59.4,59.6,55.6,53.4,55.8
California,1976,53.3,52.8,52.5,54.1,56,60.7,59.2,62.5,62.2,62.7,60.3,54.5,57.6
California,1977,49.9,56.1,53.2,56.1,55.3,57.1,59,61.5,61.9,60.5,58.6,54.9,57
California,1978,55,55.2,59,56.3,60.7,58.9,58.4,60.6,65.5,61.9,55.9,49.6,58.1
California,1979,50.9,52.9,55.7,56.4,59.1,58.6,60.2,60.8,66.3,63.2,57.7,55.3,58.1
California,1980,53,57.2,55.9,56.9,55.4,57.9,59.5,58,61.3,62,58.2,53.4,57.4
California,1981,52.4,56,54.9,55.8,56.8,62.2,57.8,59.2,60.4,59.3,58.3,54,57.3
California,1982,48.4,55,52.8,55.6,55.8,56.3,57.9,60.1,62.6,62.8,54.4,52.2,56.2
California,1983,49.4,54.6,55.3,56.8,59.7,61.8,63.4,65.6,67.1,64,56.1,52.8,58.9
California,1984,51.6,52.6,56.7,54.2,59.9,59.7,63.9,62.7,69.4,61.5,55.9,50.8,58.2
California,1985,50,56,53.2,59.8,58,63.8,63.5,64.1,64.1,63.1,55,51.2,58.5
California,1986,56.6,58.9,60.4,58.6,60,63.2,62.8,61.9,62.8,63.6,60.2,52.5,60.1
California,1987,51.8,56.4,57.1,60.4,61.1,60.5,61.5,63.5,63.8,65,58.7,52.2,59.3
California,1988,52.8,57.7,59.1,58.7,59.1,61,63.6,64,63,61.4,57.3,53.2,59.2
California,1989,51.3,50,55.4,60.9,59.3,61.6,62.4,63,61.8,62,58.8,52.6,58.3
California,1990,52.7,51.9,54.8,59.2,59,62.3,62.9,65.2,66,64.2,58,49.1,58.8
California,1991,53.4,57.9,53.2,57,56.8,58.6,61.3,63,63.1,64.4,60.1,53.4,58.5
California,1992,51.4,58.4,59.2,62.6,62.7,62.5,65.1,63.8,65.8,66.7,59.7,51.7,60.8
California,1993,51.1,53.8,59,59.4,62.5,65,62.8,66.1,63.4,64.3,58.2,51.5,59.8
California,1994,53.7,52.7,58.1,57.6,58.7,60.5,59.6,63.4,63.7,62.2,51.9,49.5,57.6
California,1995,54,56.9,56.1,56.9,57.4,61,65.1,64,64.7,64.6,60.9,55.5,59.8
California,1996,54,57.1,58.7,61.4,61.7,62.3,63.6,63.7,63.6,62.8,57.8,55.8,60.2
California,1997,52.6,56.1,58.2,58.1,61.6,61.6,62.3,65.7,67.8,62.5,59.3,53.8,60
California,1998,53.6,52.7,55.7,55.4,56.5,59.3,60.1,61.1,61.7,60.5,55.2,50,56.8
California,1999,50.5,51.4,51.2,54.9,53.7,56.4,58.7,60.9,61.5,62.4,57.8,54.2,56.1
California,2000,52.6,53.8,54.9,57.1,58.2,59.5,58.3,60.7,64.7,59.5,53.8,54,57.3
California,2001,51.4,52.1,55.9,52.5,61,61.3,60.5,61.5,61,62.6,58.6,52.8,57.6
California,2002,50.7,55.4,53.6,54.8,55,58,59.2,60.4,61.5,60.8,59.2,54.2,56.9
California,2003,56.3,54.6,56.5,53.9,58,60.5,59.3,63.5,64.8,63,55.3,52.9,58.2
California,2004,51.8,53.7,60.2,58.5,58.1,58.9,60.7,62.8,64.9,60,56.5,53.5,58.3
California,2005,50.3,55.8,57.8,55.9,59.1,59.3,61,59.8,59.7,60.5,60.3,55.5,57.9
California,2006,52.6,54.7,50.9,54.9,57.4,60.2,61.7,59.5,59.6,60.7,56.3,52.4,56.7
California,2007,50,53,56.9,55.4,57.3,59.1,61.4,62,63.4,60.4,57.3,50.8,57.2
California,2008,49.8,53.1,54.5,54.9,57.6,59.5,60.5,61.9,63.3,63.4,59.1,50.4,57.3
California,2009,54.1,52.9,54.1,56.1,57.7,60.5,59.2,62.6,63.4,61.1,57.3,50.3,57.4
California,2010,51.7,54.5,55.2,55,56.1,59.3,58.4,59.3,63.2,60.6,56.1,53.1,56.9
California,2011,51.7,52,54.4,55.2,55.7,58.7,60.1,59.9,62.5,63.3,54.6,52.3,56.7
California,2012,52.9,53.9,53.2,56.1,56.9,59.2,59.4,59,58.1,62.2,58.3,52.1,56.8
California,2013,50.8,52.4,55.2,57.6,58.7,60.4,59.7,61.3,63.5,59.8,57.7,51.8,57.4
California,2014,56.5,54.4,58.3,57.9,60.3,59.8,62.8,62.9,64.5,65.2,59.8,56.3,59.9
California,2015,55.4,59.4,60,57,55.7,60.2,63.9,66,66.1,65.6,55.7,51.6,59.7
California,2016,53.7,58.6,56.8,59.6,58.8,60.3,59.3,60.1,62.2,62,58.7,51.6,58.5
California,2017,50.9,54.4,57,57.7,58.1,60.7,60.6,62.2,67.9,63.5,58.5,54.4,58.8
California,2018,54.4,55.5,54.7,56.3,57.2,59.8,60.5,60.5,60.4,62.3,59.1,54,57.9
California,2019,54.9,50.3,55.2,57.9,56.4,62.1,60.6,64.2,65.1,63.1,56.8,53.6,58.4
California,2020,52.8,56.4,54.5,56.5,60.3,61.3,60.4,62.9,65.5,65.2,56.1,53.4,58.8
California,2021,53.1,54.2,53.4,53.8,55.9,59.7,58.9,62,62,61.1,58.8,50.8,57
California,2022,54,55.8,54.5,55.7,57.3,60.8,59.5,63.2,65.2,59.8,54.7,50.7,57.6
Alaska,1900,M,M,M,M,M,M,M,M,M,M,M,M,M
Alaska,1901,M,M,M,M,M,M,M,M,M,M,M,M,M
Alaska,1902,M,M,M,M,M,M,M,M,M,M,M,M,M
Alaska,1903,M,M,M,M,M,M,M,M,M,M,M,M,M
Alaska,1904,M,M,M,M,M,M,M,M,39.6,27.9,-8.1,-9.1,12.6
Alaska,1905,M,M,M,34.6,47.1,M,53.9,54.9,38.1,23.2,10.2,-15.7,30.8
Alaska,1906,-36.4,0.2,17.7,25.5,49.3,60.5,60.4,55.6,43.9,31.1,-0.1,-16.7,24.3
Alaska,1907,-3.1,M,5.2,30.2,49.7,57.2,59.6,55.4,42.6,18.6,-1.9,-3.4,28.2
Alaska,1908,-11.3,2.8,5.2,26,48.5,58.3,59.3,54.3,37.8,21.8,6.9,-0.9,25.7
Alaska,1909,-26.1,-10.6,10.2,24,47,57.2,60.9,M,41.4,21.4,-1.4,-6,19.8
Alaska,1910,-15.9,-7,8.3,22.9,48.8,57.5,60.7,54.1,45.3,24.2,-0.9,-12.2,23.8
Alaska,1911,-23.5,0.5,2.4,17.4,42.8,57.2,64.1,56.6,45.4,35.3,-2.7,-6.1,24.1
Alaska,1912,-4.2,9.5,23.8,38.2,51.7,54.4,60.9,55.2,45.4,26.8,2,-9.1,29.6
Alaska,1913,-23.9,4.1,11.2,29.3,47,68.3,64,52,41.2,20,4.3,-3.5,26.2
Alaska,1914,-9.3,6.1,9,25.8,45.5,60.4,M,54.2,39.7,32.7,6.8,10.2,25.6
Alaska,1915,-4.6,-7.4,17.3,37.5,51.4,61.8,65.3,56.8,45.8,18.8,3,-10.9,27.9
Alaska,1916,-7.3,-3.4,2.2,36.5,46.1,59.2,60.3,56.3,44.9,30.1,4,-14.4,26.2
Alaska,1917,-19.7,9.5,16.7,32.8,45.7,57.7,55.9,58.2,44.6,24.4,-10.2,-33.3,23.5
Alaska,1918,-9.6,-0.3,1.2,24.6,42.6,55.2,63.6,53.7,48.6,24.6,0.5,-7,24.8
Alaska,1919,-14.2,2,4.1,33.3,49.3,52.8,62.9,58.2,47.1,26.3,1.3,-5.1,26.5
Alaska,1920,-11.3,13.9,6.9,23.9,42.7,59.2,60.6,55.4,43.3,22,6.8,-3.7,26.6
Alaska,1921,-17.1,-5.4,15.2,30.4,45.9,60.4,61.3,58,40.4,25.8,5.3,5,27.1
Alaska,1922,-1.1,1.4,4.9,29.5,42.8,54.8,52.9,52.4,40.1,32.2,6.3,-4.6,26
Alaska,1923,-10.7,7.3,10.1,31.1,47.9,58.3,62.8,61.1,45.5,38.3,10.3,-17.2,28.7
Alaska,1924,-6.6,-6.1,23.4,14.8,49.1,57.5,57.2,53.9,44,19.1,13.2,-5.9,26.1
Alaska,1925,-23.9,-8.7,10.8,30.5,50.2,58.3,56.6,56.5,46.5,35.2,9.6,-5.6,26.3
Alaska,1926,12.6,-2.4,26.8,36.8,49.6,61.1,61.8,57,47.3,32.2,14.2,-8,32.4
Alaska,1927,-2,4.7,3.7,19.5,46.3,59.8,63.2,56.1,39.9,20.2,-11.2,-2.5,24.8
Alaska,1928,1.3,11.4,2.6,28.8,47.4,57.4,60.3,54.6,42,25,12.4,5.9,29.1
Alaska,1929,7.2,11.6,5.2,27.8,47.4,59.9,59.3,53.9,51.6,28.1,13.3,-8.9,29.7
Alaska,1930,-5.2,-21.1,6.6,25.4,49.1,57.3,59.7,54,42.2,25.9,-3,0.1,24.3
Alaska,1931,-0.7,5.3,8.1,26.1,40.8,56.6,58.4,53,43.4,23,9,-6.7,26.4
Alaska,1932,-21,-18.1,13.7,32.8,46.4,55,58.9,51.8,41,28.9,-8.1,-13.1,22.3
Alaska,1933,-23.5,-6.7,8.3,32.1,46.3,53.7,58.3,53.8,41.7,20.2,7.5,-27,22.1
Alaska,1934,-31.2,4.5,9.2,33.1,45.4,57.9,56.6,55.5,45.9,31.3,1.3,1.6,25.9
Alaska,1935,-13.7,7.3,4.6,27.6,42.3,56.2,61.1,50.2,42,24.1,1.5,-17.7,23.8
Alaska,1936,-8.3,-14.4,4.6,27.6,48.6,62.6,60.5,57.7,42.5,30.3,10.8,-12.7,25.8
Alaska,1937,11.4,-10.7,5.9,23.8,43.5,61.8,60.3,52,47.8,30.7,10.5,-7.2,27.5
Alaska,1938,-18.1,-11.4,10,34.3,47.7,57.3,59.2,54.7,49.3,37.8,9.5,-3.1,27.3
Alaska,1939,-10.4,-2.9,4.5,32,47.1,59.2,60.4,53.6,42,20.5,-5.2,0,25.1
Alaska,1940,-1.6,-0.1,12.7,43.7,49.2,60.1,62,57.7,45.7,29.4,6.4,-4,30.1
Alaska,1941,-13.8,9.9,15,37.5,47.8,61.6,58.6,58.3,44,23.1,-1.6,-9.8,27.6
Alaska,1942,0.6,11.5,8.1,34.9,51.9,61.4,60.8,56.9,48.9,28,-6.3,-24.6,27.7
Alaska,1943,-22.1,4.8,10,30.6,47.2,59.3,59.3,52.6,43.6,29.5,12,-1.1,27.1
Alaska,1944,-5.7,9.4,6.7,24.9,48.6,58.7,61,52.6,42.1,29,4.5,-2.3,27.5
Alaska,1945,0,5.6,10.4,24.5,42.2,53.9,59.1,53.6,43.1,26.1,-7.5,-5.8,25.4
Alaska,1946,-4.6,0.7,1.4,27,48.3,61.4,61.7,52.3,42.6,31.1,-6.5,-22.4,24.4
Alaska,1947,-22.7,0.4,14.6,30.6,48.8,55.8,62,50.9,41.2,24.2,9,-0.4,26.2
Alaska,1948,-4.3,-6.5,5.4,23.2,45.9,58.9,58,50.2,40.5,25.3,-2,-15.6,23.3
Alaska,1949,-8.7,-9.1,20.1,23.9,44,51.6,59.8,55.6,48.3,27.9,11.4,-10.4,26.2
Alaska,1950,-0.9,-22.5,17.5,28.9,47.4,58.8,62,57.7,46.8,25.9,-6.1,-5.4,25.8
Alaska,1951,-23.2,-7.6,-0.6,34.4,49.3,57,60.2,57.8,46.9,22.2,11.6,-7.5,25
Alaska,1952,-19.4,-2.5,8.9,27.9,41.6,58.4,60,53.9,42.6,30.5,15.3,-3.3,26.2
Alaska,1953,-22.5,2.6,7.5,37.2,51.5,61.8,62,56,45.2,24,2.2,-4.1,27
Alaska,1954,-14.6,-16.9,11.7,26.4,50.5,58.6,58.2,56.4,42.7,31.2,12.5,-21.5,24.6
Alaska,1955,-3.2,-12.2,10.1,21.6,46,55.6,61.2,53,43.6,23.8,-9.8,-9,23.4
Alaska,1956,-20.2,-10.6,5.9,31.2,48.5,57.7,61,55.7,41.9,17,-4.8,-28.1,21.3
Alaska,1957,1.5,-2.6,18.1,32.4,48.4,64.1,60.6,59.1,43.6,29.2,14.9,-15.5,29.5
Alaska,1958,-2.6,1.4,16,34.5,48.3,62.6,62.5,56.4,42.7,14.7,1.3,-7.1,27.6
Alaska,1959,-20,5.9,-6.6,25.9,47.2,61.4,55.5,54.5,43.6,24,6.7,-9.4,24.1
Alaska,1960,-3.8,3,4.2,26.7,53.1,56,62.1,55,41.4,26.1,-0.9,5.4,27.4
Alaska,1961,-2,-4.4,0.6,25.1,49.3,58.8,59.2,55.2,44.1,21.1,-4.2,-23.8,23.3
Alaska,1962,-7.8,7.1,7.9,30,44.9,58.6,63.5,58,41.5,30.8,4.4,-6.6,27.7
Alaska,1963,1.7,-0.3,7.7,24.5,49.3,53.4,60,54.6,47.9,26.4,-10.5,4,26.6
Alaska,1964,-15.7,0.7,-2.2,25.8,38.6,60.1,59.7,56.5,44.9,28.2,2.4,-26.5,22.7
Alaska,1965,-18,-18.1,24.5,30.9,42.8,55.2,60.2,52.7,48.2,13.9,3.8,-14,23.5
Alaska,1966,-27.4,-7.6,-2.5,27,45.4,63.3,62.5,57.1,50.1,24.3,0.5,-20,22.7
Alaska,1967,-15.3,-6.8,9.8,31.7,45.6,61.8,59.8,58.3,46.5,24.8,9.5,-1.6,27
Alaska,1968,-11,-4.9,12.7,29.1,47.6,59.5,65.7,58.4,42.8,22.1,2.3,-17.7,25.6
Alaska,1969,-26.7,-7.2,10.1,36.3,49.4,64.9,59.4,49.8,49.1,34,1.1,3.9,27
Alaska,1970,-16.2,8,20.8,32,51.8,58,62.4,56.9,40.8,18.9,10.6,-9.7,27.9
Alaska,1971,-31.7,-4.6,-0.4,26.7,47.3,63.3,61,56.1,44.7,27.9,0.5,-5.8,23.7
Alaska,1972,-16.3,-10,-2.7,20.8,47.4,59.3,64.5,58.8,40.1,26.8,7,-2.5,24.4
Alaska,1973,-18.2,-1.5,11.9,35.3,50.6,60.3,62,55,47.3,25,-0.6,-3.4,27
Alaska,1974,-16.6,-17.8,7.5,34.9,51.4,58.7,63.5,59.1,51.4,21.4,0.5,-11.2,25.2
Alaska,1975,-15.5,-3.4,12.6,30.5,53.5,63.4,68.4,56,45.8,23.9,-8,-16,25.9
Alaska,1976,-11.5,-13.6,12,36,47.8,59.6,61.7,59.1,45.4,23.9,15.9,-3.9,27.7
Alaska,1977,9.7,8.6,4.5,27.8,48.7,59.6,62.8,62.6,45.6,25.6,-7.6,-14.9,27.8
Alaska,1978,0.1,3.8,14,34.8,50.2,54.6,63.5,59.4,46.7,23.3,8.5,3.2,30.2
Alaska,1979,-7.7,-25.3,12,30.9,49.8,57.4,61.3,60.4,46.5,32.4,20.1,-10.2,27.3
Alaska,1980,-9.4,15.9,17.3,35.9,50.7,56.5,60.9,53.6,42.9,32.9,11.5,-24,28.7
Alaska,1981,18.1,5.1,27.1,31.4,51.3,58.9,56.5,53.6,44,29.5,12.3,-4.2,32
Alaska,1982,-18,-3.8,13,27.7,46.8,58.5,63.1,56.6,49.3,18.5,4.4,2.2,26.5
Alaska,1983,-11,3.3,13.8,37.3,50.4,62.3,64.1,53.5,41.2,23.6,8.5,-3.6,28.6
Alaska,1984,-5.9,-13.3,21.6,30.2,47.1,61.6,60.9,53.7,46.8,25.9,0.1,-3.1,27.1
Alaska,1985,11,-9.4,14.5,20.8,46.7,57.8,63.1,56.3,42.9,18.7,-4.7,7.6,27.1
Alaska,1986,-2,4.7,6,24,47.8,62.6,63.6,54.7,46.2,27.1,0.2,7.3,28.5
Alaska,1987,0.6,1.4,13.4,35,50.9,61.9,64.2,57.7,44.1,32.9,6,-3.1,30.4
Alaska,1988,-5.3,3.9,17.8,33.6,52.8,62.9,65.8,58.3,44.4,17.4,-3.1,4.2,29.4
Alaska,1989,-21.2,3.4,6.7,36.2,47.8,60.1,64.6,60.8,48.6,26.2,-7.1,4.4,27.5
Alaska,1990,-12.9,-21.7,18.5,38.1,55,61.6,65.2,60,44.8,24.1,-4.8,-6.2,26.8
Alaska,1991,-4.6,-1.1,11.9,35.4,51.1,63.8,60.6,54.4,48,24.9,0.5,-2.8,28.5
Alaska,1992,-4.7,-8.7,14,26.1,41.8,60,64,56.5,31.7,17.5,10.4,-7.6,25.1
Alaska,1993,-3.8,2.4,17.2,41.1,53.6,62,65.6,56.1,44.1,29.3,8.4,0.6,31.4
Alaska,1994,-1.5,-6.4,10.4,34.6,51.6,58.4,64.7,59.5,43.7,21,0.3,-8.5,27.3
Alaska,1995,-9.4,-0.1,3.8,40.1,53.5,60.9,63.1,57.2,52.8,28,-2.7,-9,28.2
Alaska,1996,-16.9,-2.6,15.5,33.3,49.1,59.4,63.4,53.4,42,13.2,-2,-13.5,24.5
Alaska,1997,-16.2,12.9,4.6,35.4,49,63.1,64.8,58.7,49.7,17.5,10.6,-7.1,28.6
Alaska,1998,-13.6,2.1,18.4,38.6,49.9,58.8,62.7,53,46,26.1,5,-5.9,28.4
Alaska,1999,-17,-16.8,7.2,32.7,46.9,61.4,61.5,57.9,45.2,19.5,-4.7,-12.8,23.4
Alaska,2000,-9.9,6.7,17.6,31.9,44.4,61.5,59.6,51.6,41.7,22.3,8.6,0.3,28
Alaska,2001,7.8,7,9.9,33.3,44.5,61.1,59.9,57.3,47.5,22,0.6,-10.5,28.4
Alaska,2002,3.5,-0.6,9.9,23.2,50.4,58.2,61.8,54.6,47.4,31.7,19.2,4.9,30.4
Alaska,2003,-3.3,11,8.5,33.1,47.2,60.2,60.7,56.2,41.8,32,9.2,-9.1,29
Alaska,2004,-15.9,1.1,6,35.1,52.2,66.9,64.5,62.2,38.8,29.7,7,-3.3,28.7
Alaska,2005,-9.1,-2.3,19.6,32.2,55.6,61.5,62.2,57.3,46.3,27.4,-5.1,0.9,28.9
Alaska,2006,-22.1,5.6,3,29.5,49.7,58.1,61.3,54.4,49.5,31.7,-9.9,-2,25.7
Alaska,2007,-6.6,-6.7,-6.5,37.6,51,61.6,64.4,60.5,47.1,21.2,11.5,-3.4,27.6
Alaska,2008,-9.2,-5.9,15.4,29.5,49.9,60.2,60.6,55,46.6,15.1,-1.4,-7.8,25.7
Alaska,2009,-12,-1.5,5.6,31.2,51.5,60.3,66.5,54.5,48.5,30.7,-1.2,-2.8,27.6
Alaska,2010,-13.7,2.9,10.8,39.4,54,59.8,62.6,59.9,47.1,27.5,11.9,-17.9,28.7
Alaska,2011,-6,-6.5,7.2,31.8,52.4,60.4,61.7,57.2,48.9,28.9,-8.2,4,27.6
Alaska,2012,-26.9,5.9,4.5,36.9,47.9,61.6,60.8,56.3,45.5,22.5,-8.7,-17.3,24.1
Alaska,2013,-2.6,-1.4,7.1,18,44.3,66.8,64.3,59.4,43.8,36.1,6.1,-4.5,28.1
Alaska,2014,7.6,-4.4,13.9,33.9,51.3,58.4,61,59.1,46.4,25.2,10.8,8,30.9
Alaska,2015,-6.5,1,15.5,36.8,55.3,59.8,62.2,54.6,42.4,31.8,9.1,-2.2,30
Alaska,2016,3.5,7.9,19.8,42.4,53.4,60,63.4,61.1,46.2,26.7,3.7,-8.4,31.6
Alaska,2017,-9.5,0.7,-3,36.1,49.8,62.8,65.7,58.8,48,31.2,4.8,9,29.5
Alaska,2018,-6,2.6,15.6,31.3,49.7,58.8,63.9,55.5,48.2,34.5,11.7,0.1,30.5
Alaska,2019,-6.9,5.5,27.6,37,53.8,63.5,66,55.6,48.4,31.7,13.2,-5.4,32.5
Alaska,2020,-21.4,-6,8.8,30.5,53.3,59.8,61,59.7,47.6,27.4,2,0.2,26.9
Alaska,2021,-1.5,-9.2,5.9,26.6,51.9,63.1,64.8,56.8,44.1,30.8,0.6,1.5,28
Alaska,2022,-7.6,-0.1,13.4,28.3,48.7,62.6,63.4,59,47.8,28.3,9.1,-4.5,29
Colorado,1900,36.3,30.2,42.8,44.6,60.6,70.5,71.2,72.4,61.7,53.9,41.9,36.2,51.9
Colorado,1901,34.2,27.7,38.1,46.4,59.5,67.5,76.5,73,62.7,53.7,45.6,33.8,51.6
Colorado,1902,29,37,38,49.5,59.9,67.5,70.2,72.4,61,53,41.2,33.2,51
Colorado,1903,34.8,22.7,37.9,48.1,54.9,62.5,73.6,72.3,60.7,52.5,41.1,36.4,49.8
Colorado,1904,31,40.1,42.4,49.3,56.3,61.5,68.7,69.9,63.1,52.1,43.9,34.7,51.1
Colorado,1905,27.6,25.2,43.2,44.7,53.5,67.5,68.9,72.9,65.2,46.6,41.8,31.9,49.1
Colorado,1906,36.5,35.3,29.7,48.6,57.3,63.9,68.2,70.1,62.1,49.3,37.3,39.7,49.8
Colorado,1907,31.8,40.3,47.2,45.7,50.3,64,71.9,71.2,63,53.4,38.7,33.8,50.9
Colorado,1908,34,34.9,43.6,50.3,53.8,64.6,69.8,68.8,65.1,48.7,37.4,31.4,50.2
Colorado,1909,36.7,33.2,37,43.2,53.3,65.7,73,72.5,61.2,52.5,42.7,21.2,49.4
Colorado,1910,31.6,30.2,50.4,52.2,54.8,68.1,74.5,70.6,64.3,55.4,45.6,35.1,52.7
Colorado,1911,38.2,30.1,45.1,48.8,58.9,70.7,69.6,70.2,66.2,46.9,36.4,27.4,50.7
Colorado,1912,32.7,30.1,26.4,46.4,56.2,63,69.3,70.1,54.7,49.4,42.7,30.5,47.6
Colorado,1913,30.3,21.8,37.7,48.9,57.4,67,71.5,73.1,59.3,46.5,43.8,23.1,48.4
Colorado,1914,36.8,31.2,40.4,46.5,57.3,68.6,72.1,70.9,64.8,53.3,46.2,24.3,51
Colorado,1915,29.2,36.1,33.6,51.5,52.9,62.1,68.7,66.5,61.7,54.1,43.3,33,49.4
Colorado,1916,22.8,36.5,45.7,46.5,55.3,66.1,74.1,69,61.4,48.2,38.1,26.5,49.2
Colorado,1917,28.3,34.7,33.2,43.9,48.7,65.6,73.7,68.4,64.8,49.6,45.5,38,49.5
Colorado,1918,24.6,36.9,47,42.6,57.5,71.3,71.1,70.6,58.1,54.7,36.6,30.5,50.1
Colorado,1919,34.2,31.1,40.7,49.1,57.8,67.6,74.9,72.5,64.3,46.5,34.6,33,50.5
Colorado,1920,36,32.6,37.8,38.8,57,65.7,72.1,67.7,62.5,52.2,36.7,31.5,49.2
Colorado,1921,33.8,37,44.9,45.3,57.5,67.2,72.5,71.2,63.9,55.9,43.7,35.4,52.4
Colorado,1922,27.7,31.4,40.3,45.2,57.7,70.4,71.8,74.2,65.9,52.8,37.2,35.1,50.8
Colorado,1923,37.9,28.1,33.9,46.6,56.1,65.5,72.5,68.4,60.6,44.3,41.8,30.5,48.8
Colorado,1924,30.4,37.6,28,46,52.7,68.4,71.8,73.3,60.5,54.4,44.4,25.5,49.4
Colorado,1925,31.4,41,44.5,52.8,60.2,67.2,73.4,69.7,63.8,43.3,40.9,32.1,51.7
Colorado,1926,31.2,39,37.6,47.6,58.6,66.7,70.8,72.9,61.6,53.6,42.8,29.8,51
Colorado,1927,35.2,36.7,36,47.9,59.6,64.7,71.2,66.6,62,54.6,45.9,25.9,50.5
Colorado,1928,36.5,33.3,42,45.9,57.7,61,71,70.5,62.7,50.7,39.6,31.3,50.2
Colorado,1929,27.6,23.6,39.7,46.6,54.4,67.2,73.5,73.1,58.9,51.2,31.5,37.1,48.7
Colorado,1930,16.9,42.3,37.1,55.5,54.6,69.2,73.9,71.6,63.8,50.1,40.4,32.2,50.6
Colorado,1931,35.7,38.8,36.6,47.5,54.9,71.3,76,72.3,68.2,54,37.7,35.8,52.4
Colorado,1932,27.7,39.8,33.3,51.2,59.5,66.6,75.6,73.9,63.6,48.7,44,23.7,50.6
Colorado,1933,36,29.3,43,45.3,55.1,72.8,75.3,70.6,67.7,57.4,46.2,43.8,53.5
Colorado,1934,40.1,36.5,43.9,51.4,64.7,70.1,77.8,74.4,60.7,57.9,44.4,36,54.8
Colorado,1935,39.4,38,43.6,45.5,50.1,66.7,74.8,73.6,63.3,52.3,38.8,34.9,51.8
Colorado,1936,32.2,26.9,41.1,50.5,61.3,71.1,77.3,73.6,63.8,49.8,41.8,36.5,52.2
Colorado,1937,18.2,33.4,37.3,47.3,59,64.7,74.7,76.8,66.1,53.8,40.6,33.8,50.5
Colorado,1938,34.9,37.2,42.6,49.1,56,67.8,72.3,74.7,65.4,55.9,37.1,33.9,52.2
Colorado,1939,33.4,25.8,40.3,49.5,61.5,68.8,77.1,71.8,67,54.7,43.8,40.9,52.9
Colorado,1940,24.3,35.6,42.8,48.3,59.5,70.4,74.6,71.8,65.2,55.9,37.9,35.6,51.8
Colorado,1941,34.3,37.3,37.2,46.9,61,65.6,72.9,71.7,61.7,50.1,44.3,35,51.5
Colorado,1942,30,24.1,38.1,51.5,56.2,64.9,73.3,71.7,61.3,51.5,43.1,37,50.2
Colorado,1943,34.7,40.5,36.5,55.3,52.8,66.4,75.9,74.2,63.1,54,42.4,35,52.6
Colorado,1944,32.3,33.3,34.5,43.2,58.5,67.4,71.7,73.7,64.2,55.2,42,32.6,50.7
Colorado,1945,33.9,34.7,43.2,42.2,57.2,62,73,71.8,60.8,54.9,43.7,32.4,50.8
Colorado,1946,34.3,37.7,46.4,56.3,52,69.2,74.8,71.7,64.3,49.4,36.9,39.6,52.7
Colorado,1947,33.3,30.5,37.4,46.8,56.2,62.7,73.6,74.1,67.6,57,34.9,35.9,50.8
Colorado,1948,30,30.1,33.7,53.2,59.7,67.2,74.2,74.1,68.3,52.9,38.7,32.4,51.2
Colorado,1949,19.4,33.6,40.3,50.8,57.9,66.2,73.6,72.9,64,50.5,50.9,35.2,51.3
Colorado,1950,29.4,38.6,38.1,47.6,53,66.6,68.9,68.9,60.5,59.9,39.1,36.3,50.6
Colorado,1951,26.9,33.9,35.8,43.8,57.2,60.9,73.4,70.7,61.4,48.2,38.1,29,48.3
Colorado,1952,34.8,34.9,33.7,48.2,56.7,72,73.1,72.2,65.6,53.3,32.3,32.5,50.8
Colorado,1953,39.6,32.7,43.5,42.8,53.4,69.7,74,71.2,66,54.4,43.1,31.4,51.8
Colorado,1954,36.3,43.7,35.3,53.6,57.1,69.3,76.7,72.7,65.7,52.5,44.3,34.6,53.5
Colorado,1955,27.2,27.1,36.5,50.1,59,63.9,75.5,73,63.8,53.9,36.1,35.4,50.1
Colorado,1956,34,27.7,40,45.5,60.9,73.4,72.2,69.7,65.5,55.9,37.1,35.7,51.5
Colorado,1957,25.8,40.7,39,41.4,53.9,65.8,73.5,72.6,61.4,51.4,36.8,39.5,50.2
Colorado,1958,32.9,37.4,32.8,44.5,61.7,68.1,70.3,73.5,64.4,53.9,40.6,35.8,51.3
Colorado,1959,30,30.2,37.6,45.6,56.2,70.9,72.6,73,61.1,48.1,37.6,36.5,50
Colorado,1960,27.6,24.8,38.1,50.5,57.2,68.3,73.1,73.4,65,52,39.4,26.5,49.7
Colorado,1961,31.7,35.2,38.9,46,55.7,66.1,71.5,72.1,56.3,50,34.7,27.7,48.8
Colorado,1962,19.5,29.8,34.6,50.3,59.7,65.5,72.9,72.5,62.4,53.4,41.3,33.7,49.6
Colorado,1963,19.1,37.3,37.3,50,60.9,66.7,74.8,68.7,65.9,57.9,41.7,28.5,50.7
Colorado,1964,30.6,27.3,33,46.6,58.8,65,75.7,70.4,62.5,52.6,40,33.2,49.6
Colorado,1965,35,27.4,29,51.2,57.1,63.9,72.7,70.2,55.6,55.1,43.3,35,49.6
Colorado,1966,28.5,28.4,42.5,44.6,58.7,64.6,76.9,70.8,65,52.2,41.5,31.8,50.5
Colorado,1967,33.9,35.1,42.9,48.2,52.6,60.6,69.1,68.2,62.1,52.5,40.5,26.5,49.4
Colorado,1968,29.7,34.2,40.6,42.9,53.9,67.8,71.7,68.1,60.8,51.9,35.7,28.9,48.9
Colorado,1969,34.9,35.3,32.1,52.2,59.3,61.5,74.7,73.9,64.4,38.9,39.1,32.5,49.9
Colorado,1970,30.6,38.5,33.5,43.7,58.8,65.2,71.9,73.8,59.5,45.9,39.1,33.3,49.5
Colorado,1971,32,30.6,38.5,47.8,54.1,69,70.6,72.7,57.5,49.4,39.1,31.9,49.4
Colorado,1972,30.5,36.1,44.7,48.5,57,68.3,70.2,71,62.1,52,32.8,24.9,49.8
Colorado,1973,27.3,35.4,39.9,43.2,55.6,67.5,71,73.4,59.9,54.5,39.5,31.5,49.9
Colorado,1974,23.7,35.1,43.1,47.9,61.6,68.4,74.6,69.5,59.4,52.4,38,31.2,50.4
Colorado,1975,31.6,30.6,37.2,44.1,54.2,64.2,72.7,70.7,59.5,53.2,36.8,37.5,49.4
Colorado,1976,32.3,39.3,37.1,49.1,56.6,66.3,75.2,70.2,61.8,48.4,39.5,35.4,50.9
Colorado,1977,29.2,37.9,39.9,51,60.7,71.9,74.3,70.2,66.6,53.2,40.3,35,52.5
Colorado,1978,25.8,31.3,43.3,50.3,54.4,66.9,74.7,69.6,65,53,37.8,24.6,49.7
Colorado,1979,18,34.2,40.5,49.1,54.8,65.8,73.7,69.5,66.3,53.8,33.3,34.5,49.5
Colorado,1980,25.9,34.5,38,47.7,57.1,71.9,76.4,73.1,65.8,52.4,41.9,41.2,52.2
Colorado,1981,37.3,36.1,41.2,56.4,57,70.4,75.9,72,68.2,52.6,45.9,35.8,54.1
Colorado,1982,30.2,32,41.1,47.4,55,63.1,72.6,73.1,61.7,49,35.6,30.9,49.3
Colorado,1983,31.9,36.6,36.2,41,51.4,62.8,73.2,74.4,64.9,52.7,37,17.4,48.3
Colorado,1984,27.2,34.1,37.1,42.3,59.9,66.5,74.9,71.8,60.7,44.7,39.7,32.8,49.3
Colorado,1985,25.5,27.6,40.8,51,59.9,68,73,72.3,58.8,50.7,29.7,29.4,48.9
Colorado,1986,40.3,36.1,47.1,49.6,56.7,70.3,73.5,72.1,60.6,49.3,39,31,52.1
Colorado,1987,32.1,36.1,38.8,51.8,59.6,69.2,74.4,70.7,62.4,51.6,39.9,28.4,51.2
Colorado,1988,25.1,34.1,38.5,50.2,59,71.8,74.1,73.6,62.3,54,40.6,31.1,51.2
Colorado,1989,33.5,22.3,43.3,51,59,65.4,75.8,71.6,62.4,51.2,42.8,27.3,50.5
Colorado,1990,36.4,33.3,39.5,49.1,56.5,72.6,70.8,71.3,66.9,52.2,44,25.7,51.5
Colorado,1991,27.8,40.3,42.8,47.8,60.2,69.4,73.1,71.4,62.5,50.3,34.7,33.1,51.1
Colorado,1992,31.8,40.1,43,54.8,60.6,66.1,70.5,68.4,65.2,53.6,33.9,25.4,51.1
Colorado,1993,27.3,29.4,42.5,48.5,58.8,66.4,73,70,60.6,49.1,34.7,34.1,49.5
Colorado,1994,34.3,33.4,44.8,48.8,63.2,73.5,73.9,75,67.2,52,37.9,36,53.3
Colorado,1995,33.9,38.5,39.3,42.9,50,62.2,70.9,75.3,61.7,48.5,41.9,33.1,49.9
Colorado,1996,27.1,33.9,36,48,58.1,68.2,73.4,71.6,60.8,50.8,37.2,33,49.8
Colorado,1997,27.9,29.9,42.1,40.5,56.6,67.8,73,69.6,64.2,49.6,34.8,27.9,48.7
Colorado,1998,32.7,33.9,36.9,44.8,59.1,63,74.3,71.7,68,50.2,42.1,28.9,50.5
Colorado,1999,33.7,38.6,43.7,42.5,54.8,64.2,73.9,71.2,59.2,52.5,47.2,33.7,51.3
Colorado,2000,33,39.1,40.4,49.8,59.2,66.9,76.7,74.5,63.6,50.5,28.9,28.2,50.9
Colorado,2001,30,28.3,39.7,49.6,57,69.3,76.7,73.5,66.8,51.5,40.9,31.7,51.3
Colorado,2002,29.3,33.6,33.8,50,56.1,71.1,76.2,71.5,63.6,43.9,37.5,33.6,50
Colorado,2003,36.9,27.6,39.9,50.4,57.5,62.1,76.9,73.7,59.3,55.1,36.2,32.5,50.7
Colorado,2004,31.8,30.8,46.4,47.5,59.3,63.7,70.8,68.2,62.7,50.8,37.2,34.8,50.3
Colorado,2005,32.5,35.8,39.4,46.4,57,66,77.7,71.6,67.2,52,42.5,30.1,51.5
Colorado,2006,37.4,30.9,38.4,51.5,60.3,72.8,76.2,72.8,58.9,49.5,40.5,31.7,51.7
Colorado,2007,20.8,29,46,46.8,58,68.8,76.3,75.4,65.1,53.5,41.4,26.7,50.7
Colorado,2008,27.9,33.9,39.5,46.1,55.8,67.4,77.6,71.4,61.8,52.1,43.1,26.6,50.3
Colorado,2009,34.9,37.3,41.8,45.9,59,64.4,70.2,70.3,63.5,42.9,42.6,24.1,49.7
Colorado,2010,30.3,29.1,41,47.8,54,68.9,74.4,73.8,67,55.3,38.3,34.3,51.2
Colorado,2011,29.9,29,43.3,48.4,53.1,68.2,75.9,77,64.2,52.6,39.5,26.6,50.6
Colorado,2012,36,28.4,49.2,53.3,60.5,75,78.9,75,66.3,49,43.5,31.5,53.9
Colorado,2013,30.3,30.1,37.7,41.7,57.9,71.1,74.3,74.6,66.4,47.7,40.9,28.4,50.1
Colorado,2014,31.1,28.2,40.9,49,57.5,67.3,74.5,70.6,64.8,55.1,36.2,31.3,50.5
Colorado,2015,33.9,33.8,45,48.7,53,69.5,72.8,74,69.4,56.5,38.5,29.4,52
Colorado,2016,31.8,37.8,41.6,47.2,54.4,70.8,76.2,71.2,66,57.8,45.1,27.8,52.3
Colorado,2017,30,40.3,47.9,48.9,55.9,69.5,76.4,71.5,65.1,50.1,45.3,33.2,52.8
Colorado,2018,34.6,29.9,42.7,47.8,61.4,72.4,75.3,72.4,67.8,49.2,37.8,32.5,52
Colorado,2019,32,28,35.1,49.1,51.6,65.6,75.7,75.4,69.3,43.7,36.2,33.7,49.6
Colorado,2020,34.6,28.1,42.5,46.3,59.6,71.1,76.5,77,65.4,49.8,43.7,33.1,52.3
Colorado,2021,33.9,25.4,39.4,46.2,56.1,71.6,76.7,75.4,68.8,53.9,46.3,38.4,52.7
Colorado,2022,30.9,29.1,39.4,48.2,56.8,70.2,78,76.1,69,53.8,35.6,29.3,51.4
Nevada,1900,57.7,59.5,69.1,70.7,83.9,91.8,93.6,88.9,M,M,63,53.1,73.1
Nevada,1901,48.4,M,M,70.7,81.1,86.9,97.5,93.3,84.2,74.7,64.8,56.2,75.8
Nevada,1902,55.6,61.1,62.7,74.7,80.7,91.3,93,93.1,87.1,73.4,M,48.9,74.7
Nevada,1903,M,49.8,64.3,72.3,81.8,91.5,97.2,97.1,87,77.7,69.6,55.3,76.7
Nevada,1904,54.7,63.3,69.7,75.1,83.9,91.4,94.1,94.4,85.4,73.3,64.2,59.1,75.7
Nevada,1905,57.6,58.7,66.7,72.1,76.8,87.5,93.5,93.3,83.2,69,59.1,51.4,72.4
Nevada,1906,54.4,64.2,64.7,70.4,77.6,88,96.2,90.7,78.3,68.4,55,51.8,71.6
Nevada,1907,50.7,M,M,65.7,73.3,80.6,M,93.9,M,M,M,M,72.8
Nevada,1908,M,57.9,65.6,M,M,M,96.3,94.1,81.5,63.2,56.2,47.1,70.2
Nevada,1909,52.9,53.1,56,64.2,70.3,81.7,89.5,87.4,73.8,68.4,57.2,M,68.6
Nevada,1910,52.3,55.5,68.2,74.8,84.5,90.8,96,93.8,84.8,73.5,63.5,57.3,74.6
Nevada,1911,57.1,56,67.8,72,77.8,87.4,92.9,92.2,M,70.2,59.9,51.3,71.3
Nevada,1912,56,59.1,63.6,68.9,78.4,88.2,89.6,89.7,78.4,70,61.3,50.8,71.2
Nevada,1913,46.7,55.5,64.7,70.2,78.8,86.7,91.8,92,84.7,72.2,64.6,55,71.9
Nevada,1914,57.2,58.9,68,74.5,84.5,87.8,90.9,91.2,79.8,68.8,56,43.5,71.8
Nevada,1915,45.8,55.4,62.6,67.6,70.2,81.4,90.7,88.9,80.4,65.8,55.4,49.3,67.8
Nevada,1916,49.2,55.8,M,M,73,85.3,91,85.5,79.2,64.4,48.6,41.5,67.4
Nevada,1917,M,56.4,58,67.9,72.8,87.4,94.9,91.4,84.4,72.8,59.3,51.8,72.5
Nevada,1918,50.6,56.3,63.6,69.3,75.2,91.9,91.8,89,84.4,73.5,56.7,50.2,71
Nevada,1919,51.4,53.5,60.1,72.1,81.5,88,M,93.9,84.7,64.5,52.4,49,68.3
Nevada,1920,50.6,55.3,58.1,65.8,76.9,85.1,93.4,89.8,78.8,66.6,57,48,68.8
Nevada,1921,49.4,59.2,M,69.4,75.1,88.1,95.2,90.5,82.3,73.1,57.2,53.5,72.1
Nevada,1922,48,53.6,60,65.8,79.4,90.2,95.8,92.7,87.4,70.9,55.6,54,71.1
Nevada,1923,50.8,56.4,61,70.1,81.5,84,M,91.4,83.4,69.3,60.3,52.3,69.1
Nevada,1924,49.3,60.5,59.6,69.5,81.9,91.3,93.7,93.3,86.8,68.8,59,49.7,72
Nevada,1925,52.1,60.5,66,71.7,82.2,87.1,97.2,92.6,82.9,69,58.1,55.3,72.9
Nevada,1926,51.4,60.8,68.3,73.1,80.3,90.1,93.4,92.2,84,73.7,62.5,50.6,73.4
Nevada,1927,54.1,58.6,60.7,69.7,77.7,85.7,94.1,91.3,84.3,71.9,63.3,50.9,71.9
Nevada,1928,54.6,57.5,66.5,69.6,81.1,87.3,94.3,92.5,86.1,71.8,60.4,52.4,72.8
Nevada,1929,49,53.3,63.3,68.7,80.3,85.8,94.8,92.5,83.8,75.7,59.4,56.8,72
Nevada,1930,49.3,62.2,64.4,74.1,73.5,87.5,93.4,91.7,83.7,72.1,60.7,47.1,71.6
Nevada,1931,51.9,57.4,63.6,71.5,80.9,86,98.9,93,83.3,73.7,57.4,50.9,72.4
Nevada,1932,49.3,56.1,63.9,69.5,78.7,84.5,91.9,91.9,84.2,72.1,58.3,48,70.7
Nevada,1933,49.6,50.2,63.1,69.3,72.9,86.1,95.8,91.1,85.4,73.2,58.8,49.5,70.4
Nevada,1934,53.2,60,70.1,75.3,81.9,83.3,94.4,90.6,84.1,75.3,64.1,55.5,74
Nevada,1935,51.9,56.9,58.3,70.3,76.2,89.9,92.1,92.2,86.1,71.6,56.3,52.9,71.2
Nevada,1936,51.1,54,64.2,73,81.3,89.6,92.9,90.7,80.7,67.4,56.7,48.7,70.9
Nevada,1937,38.5,51.2,57.5,66,77.6,84.8,92.1,92.6,84.7,71.7,M,M,71.7
Nevada,1938,54.7,53.6,57.9,69.8,76.1,85.8,M,M,83.3,M,M,51.4,66.6
Nevada,1939,M,47.9,61.6,70.6,78.4,82.6,88.8,91,M,M,M,M,74.4
Nevada,1940,M,M,M,M,84.1,92.2,94.3,95.4,M,M,57.6,53.7,79.6
Nevada,1941,51.9,58.8,60.7,64.5,78.6,84.4,92.9,88.7,80.1,68.2,60.2,52.5,70.1
Nevada,1942,52.6,52.8,60.1,69.5,77.3,M,97.7,93,85.2,74,63.1,55.5,71
Nevada,1943,53.3,59.6,64.8,74.3,83.6,87.2,95.8,93.1,88.9,75.2,60.6,54,74.2
Nevada,1944,51.5,52.1,59.5,66.9,78.7,83.4,93.4,93.8,87.7,75.3,58.6,53.7,71.2
Nevada,1945,52.5,56.6,57.7,68.6,79.2,86.7,95,92.3,87.2,75.1,59.7,50.2,71.7
Nevada,1946,51.5,54.6,62,75.4,79.7,90.1,94,94,87,68.2,56.1,55.4,72.3
Nevada,1947,50.6,60.3,65.7,72.1,83.8,87.9,95.9,91.4,90.7,74.4,56.8,50.4,73.3
Nevada,1948,53,53.5,57.5,71.7,79,87.8,94.5,93.9,87.3,74.5,56.3,48.9,71.5
Nevada,1949,40.3,49.6,60.3,72.7,77.1,88.7,95.7,91.6,89.9,70.6,65.7,50.3,71
Nevada,1950,47.8,58.8,63.8,74.6,79.1,87.6,93.6,93.9,84.2,78.1,64.3,58,73.6
Nevada,1951,51.3,55.3,61.9,70,79,87.5,96.2,90.3,87.1,72.2,58.1,48.6,71.5
Nevada,1952,48.7,55,56,70.1,82.2,86.1,93,95.9,87.4,78.3,56.8,51.6,71.8
Nevada,1953,57.4,55.1,63.4,69.3,72.4,87.2,95.9,92.3,87.8,73.2,62,51.6,72.3
Nevada,1954,51.6,63.1,58.8,74.8,82.7,87,96,91.3,88.3,76,64.2,52.2,73.8
Nevada,1955,48,51.4,62,66.9,76.5,87.2,91.8,90.7,87,77.5,60.9,55.3,71.3
Nevada,1956,55.7,51.7,63,70,80.8,90.3,93.5,91.9,90.4,72.5,58.9,54.4,72.8
Nevada,1957,51.4,62.1,63.6,69.9,76.2,92.1,96,90.6,86.4,70.3,56.1,54.1,72.4
Nevada,1958,53.8,58.8,57.3,68.5,84,89.7,94.8,96.1,87.5,77.2,60.8,57.1,73.8
Nevada,1959,53.5,54.5,64.9,75.3,79.3,93.3,98.9,91.8,84.4,74.8,61.2,53.7,73.8
Nevada,1960,47.6,51.9,65.5,72.2,79.7,93.8,96.9,94.8,88.2,73.5,60.2,52.2,73
Nevada,1961,54.3,58.3,62.5,71.9,78.5,93.9,97.1,93.4,83,72,57.8,50.8,72.8
Nevada,1962,52.5,56.9,58.2,77.2,76.9,88.3,95.5,96.2,89.1,75.2,64.8,55.3,73.8
Nevada,1963,49.5,62.7,62.3,66.6,82.4,85.7,96.6,93.9,88,76.6,62.3,52.6,73.3
Nevada,1964,49.4,52.7,59.6,68.2,77.3,87.4,95.9,93.5,85.9,79.7,57.6,53.3,71.7
Nevada,1965,54.5,57,59.9,67.1,75.8,83.1,94.5,93.9,81.6,76.6,62.1,51.7,71.5
Nevada,1966,49.1,52.2,64.2,73.7,83.6,89.7,95.4,96.2,88.7,73.3,62.3,53.7,73.5
Nevada,1967,53.2,58.5,65.1,63,79.5,86.9,97.1,96.5,87,77.5,64.5,49.3,73.2
Nevada,1968,53.3,62.9,65.2,69.8,81,90.8,94.3,90.4,87.2,74.8,62.3,48.1,73.3
Nevada,1969,55.9,54.7,60.8,72,83,87.5,96.2,98.4,88.3,71.4,62.9,55.1,73.9
Nevada,1970,51.9,60.5,62,65.7,81.6,90.3,97.3,95.1,84.5,71.4,62.3,50.9,72.8
Nevada,1971,53,57.7,64.1,69.5,74.7,88.8,98.2,92,85.6,68.7,59,49.2,71.7
Nevada,1972,49.9,59.9,71.6,72.3,81,90.6,98.2,92.5,85,69.8,56.8,49.3,73.1
Nevada,1973,48.7,55.5,56.2,68,82.4,90.9,96.3,92.4,85.1,74.3,60,54.6,72
Nevada,1974,49.5,56.4,65.2,70.3,81.6,94.1,94,92.9,89,74.9,61.4,49.9,73.3
Nevada,1975,51.5,54.6,59.4,63.5,77.6,88.5,96.5,93.7,87.6,72.7,60.1,55.1,71.7
Nevada,1976,54.8,59.3,60.7,67.5,82.4,88.6,95.2,91.5,82.4,71.9,62,52.3,72.4
Nevada,1977,52.2,60.4,58.6,73.3,73.5,92.2,96.5,94.2,86.3,M,63.9,57.4,73.5
Nevada,1978,53.2,57.8,64.7,68.6,79.2,91.7,96.6,93.6,85.6,78.6,59.5,47.9,73.1
Nevada,1979,46.5,53.8,61.2,70.2,80.2,89.2,94.8,90.8,91.1,77.4,60.2,55.5,72.6
Nevada,1980,55.8,60.1,60.5,69.9,74.4,88.3,97,M,87.4,75.1,63.4,59.8,72
Nevada,1981,57.6,59.4,63.5,76.3,80.3,94.1,97.7,96.4,88,71.4,65.2,56.3,75.5
Nevada,1982,52.2,59.2,61.9,70.4,79.2,87.1,93.6,M,85.3,70.3,59,51.4,70
Nevada,1983,54.8,57.6,62.6,65.8,78.5,87.6,94.4,90,88.9,73.9,63,54.9,72.7
Nevada,1984,55.3,58.4,65.3,70.7,86.1,89.1,94.1,92.5,88.7,70.3,59.8,51.3,73.5
Nevada,1985,52,55.8,62,74.8,81.8,92,97.1,95,80,73.9,58.7,54.9,73.2
Nevada,1986,58.9,61.3,68.3,72.4,81.7,92.4,93,95.9,M,M,M,M,78
Nevada,1987,M,M,M,M,M,M,M,M,86.4,78.1,61,M,75.2
Nevada,1988,52.1,59.1,64.9,69.6,79.6,90.4,97.9,91.5,85,80.6,62.9,53.8,74
Nevada,1989,51.7,57.9,69.7,78.2,81.8,90.5,98,93.1,87.3,74.6,64.9,54.3,75.2
Nevada,1990,52.4,55.9,66.7,73.8,79.1,91.5,95.6,92.3,87.9,75.8,63.1,48.7,73.6
Nevada,1991,51.8,62.7,58.1,69.1,77.3,86.5,95,94.4,87.6,78.5,62.5,53.2,73.1
Nevada,1992,52.9,60.1,62.8,74.4,82.6,89.1,94.3,95.1,89.4,77.2,58.8,49.2,73.8
Nevada,1993,52.3,56,65.1,72.8,82.3,88.2,93.3,93.8,87,75.3,57.9,53,73.1
Nevada,1994,55.8,54.8,68.3,73.7,80.1,94.8,97.3,98.3,89.9,73,56,54.3,74.7
Nevada,1995,54,63.4,63.5,70.4,77.1,87.7,96.5,97.5,91.2,76.6,67.5,55.9,75.1
Nevada,1996,56.8,63,67.1,75.5,83.6,92.3,99.1,97.3,86.6,75.2,63.6,55.3,76.3
Nevada,1997,55.9,58.9,69.6,72,87.5,89.7,94.6,96.4,89.2,74.3,63.2,52.8,75.3
Nevada,1998,55.3,55.1,63.1,66.7,76.1,86.6,98.4,97.6,86.8,73.9,61.8,54.6,73
Nevada,1999,57.5,60.3,66.6,67.7,80.7,90,94.4,95,89.1,78,65.8,56.6,75.1
Nevada,2000,58.5,61.3,64.5,77.9,87.1,94.1,97.3,96.4,88.4,74.5,57.1,56.7,76.2
Nevada,2001,51.8,54.9,64.5,69.5,87.1,92.5,95.3,96.6,91.3,78.2,65.1,50.7,74.8
Nevada,2002,52.6,58.7,62,74.4,80.8,93.1,99.1,95.1,88.8,73,63.5,53.6,74.6
Nevada,2003,60.3,57,63.4,68.4,82.7,91.5,99,95.4,90.1,81.7,58,53,75
Nevada,2004,54.2,54.8,72.7,72.9,83.6,91.1,96.5,93.4,87.6,74.8,60,56,74.8
Nevada,2005,56.7,58.9,64.6,71.9,84.5,91.5,100.7,95.6,88.4,77.2,65.3,55.8,75.9
Nevada,2006,57,61.8,61.6,73.6,87.2,96.8,100.9,97.1,86.3,73.4,63.7,52.9,76
Nevada,2007,50.9,59.5,68.8,74.4,84,92.4,98.3,97.9,88.4,74.7,66.3,50.5,75.5
Nevada,2008,51.3,56.7,65.1,72.9,78.6,92.8,98,95.6,89.7,76.6,65.7,51.7,74.6
Nevada,2009,57.1,56.6,63.9,71.1,88.1,88.2,99.4,94.6,90.4,72.4,63.8,50.9,74.7
Nevada,2010,54.8,58.2,61.8,68.6,77.2,91.1,99.3,95.2,89.6,75.5,61.5,56.5,74.1
Nevada,2011,54.5,54.8,65.7,72.1,77.7,90.4,96,98.8,89.6,77,61.2,51.6,74.1
Nevada,2012,57.1,59.8,65.8,74.7,85.5,93.9,95.5,97.9,91.3,77.2,65.4,54.5,76.6
Nevada,2013,52.4,56.6,69.8,75.2,84,95.8,98.6,94,86.3,72.1,63.6,54.3,75.2
Nevada,2014,59.5,63.7,69,75.3,84.2,93.7,97.5,92.6,89.8,79.4,64.8,55.6,77.1
Nevada,2015,58.3,65,71.8,73.7,78.9,95.4,95,98.7,92.5,79.6,60.4,52.4,76.8
Nevada,2016,54.2,64.6,69.3,73.9,81,97.5,99.7,96,88.2,M,67.2,55.5,77
Nevada,2017,55.4,63.3,71.3,76.2,82.5,97,100.7,98.1,88.2,78.5,68.9,58.6,78.2
Nevada,2018,60.4,59.8,66.9,79.2,85.1,95.4,100.5,100.2,94.4,76.4,64.1,55.4,78.1
Nevada,2019,55.3,53.7,65.1,76.3,77.2,92.3,98.8,98.9,88.3,73.6,63.7,53.2,74.7
Nevada,2020,55.5,58,63.2,73.3,85.6,91.1,99.1,100.5,91.6,77.8,62.7,54.5,76.1
Nevada,2021,56,59.8,63.1,77,83.9,96.6,99.5,97,90.7,M,67.8,55.4,77
Nevada,2022,55.9,59.2,67.1,75.8,83.4,94.5,98.1,95.4,91.6,77.2,58,53.9,75.8
Washington,1900,43.8,42.3,50,51.8,56,61.9,65,62.7,58.6,51.7,44.3,45.9,52.8
Washington,1901,40.2,42.9,46,47.8,55.4,57.1,61.7,65.7,58,57.2,49.1,42.5,52
Washington,1902,39.8,46.4,45,50,56.5,60.6,63.6,64.4,58.4,54.3,45.8,41.8,52.2
Washington,1903,42.9,40.2,42.5,47.9,54.6,61.9,61.9,63.2,57.7,53.6,46,42.6,51.3
Washington,1904,41.8,40.2,42.6,52.7,55.1,59.7,64.2,63.6,61,54.2,49.5,43.9,52.4
Washington,1905,40.8,43.3,49.8,52.7,54.6,59.3,64.6,62.6,59.4,48.7,45.2,42.5,52
Washington,1906,42.5,43.8,45.5,53,54.6,58.1,67.7,64.9,58.9,53.9,45.2,42.4,52.5
Washington,1907,33.7,41.8,43.2,49.1,56.9,59.4,64.2,61.3,58.7,53.1,48,43.3,51.1
Washington,1908,41.7,41.7,44.2,49.1,51.6,58.8,65.1,62.2,57.1,50.8,48.8,39.5,50.9
Washington,1909,34.2,42,44.1,47.7,52.3,59.4,60.7,61.6,60.1,52.2,45.5,36.3,49.7
Washington,1910,39,38.3,47.6,49.4,57,57.5,62.6,60.2,57.9,52.8,45.5,42.9,50.9
Washington,1911,38,39.7,45.9,46.6,52.7,57,65,62.6,57.1,52.5,44.7,41.2,50.3
Washington,1912,42.6,43.9,44.3,48,57,60,63.4,62.2,59.2,49.9,46.2,41.6,51.5
Washington,1913,36.5,40,41.9,49,54.1,59.5,63.4,64.8,58.8,50.1,46.2,42.4,50.6
Washington,1914,43.2,42.3,47.6,51.4,57.3,58.9,64.1,63.1,56.7,54.7,47.3,39.7,52.2
Washington,1915,40.6,44.5,50,52.6,56,59.8,64.3,66.7,59.1,53.7,43.7,42,52.8
Washington,1916,30.9,41.9,44.3,49.1,52,58.9,61.1,63.5,58.8,49.1,43,38,49.2
Washington,1917,38.1,39.3,41,46.9,52.4,57.2,63.5,65.1,58.9,52.5,49.6,45,50.8
Washington,1918,43.7,39.9,44,50,52.5,61.5,63,62.6,62.3,53.3,45.9,40.9,51.6
Washington,1919,41.4,40.8,44.7,49.6,53.5,57.5,62.9,62.9,59.6,48.5,44.9,38.6,50.4
Washington,1920,40.3,40.3,44.5,45.6,51.7,58.5,64.1,64.5,57.7,50.1,46.9,43.3,50.6
Washington,1921,40.5,42.9,44.5,47.5,53.5,59.8,60.8,61.9,57,53.2,45.4,39.1,50.5
Washington,1922,35.5,39.5,41.4,46.6,54.5,60.9,62.9,62.7,59.8,53.5,43.6,38.5,49.9
Washington,1923,40.1,37.3,44,50.9,54.1,60.6,64.4,65.7,60.8,54.5,47.4,42.2,51.8
Washington,1924,41,46,44.3,49,57.4,59.9,63.5,62.4,59.5,52.9,44.6,37.3,51.5
Washington,1925,42.6,45.6,44.9,50.6,57.8,60.1,65,62.7,59.5,51.5,46,45.5,52.7
Washington,1926,42,46.7,50.4,55.9,56.4,62.8,66,64.1,57.9,55,49.4,41.7,54
Washington,1927,40.6,43.9,43.9,48.7,52.3,61.5,65.2,65,58.7,53.2,46.5,38,51.5
Washington,1928,42.3,43.1,48.2,48.8,58.4,59.5,65,63.1,58.4,51.7,46.8,41.5,52.2
Washington,1929,34.5,36.2,45,46.7,54.6,59.2,64.3,64.7,60.8,55.6,45.2,43.5,50.9
Washington,1930,32.8,44.3,46.7,52.7,53.4,58.8,62.9,65.3,59.4,51,44.8,43.1,51.3
Washington,1931,45.7,44.4,47.1,52.5,58.3,59.7,65.2,64.2,59.3,52.5,43.3,41.9,52.8
Washington,1932,38.5,40.9,46.4,50.7,54.9,61.8,61.1,63.2,60.5,54.1,48.8,38.9,51.7
Washington,1933,39.6,37.5,44.9,49.3,53.5,60.3,64,66.8,57.6,54,46.9,45.1,51.6
Washington,1934,45.7,48.7,52,56.5,58.9,62.2,63.9,66.5,59.5,55.2,50,44,55.3
Washington,1935,41.5,45,43.5,50.7,56.6,61.6,64.9,64.7,62.7,51.5,43.5,45,52.6
Washington,1936,44.2,36.3,44,53.8,59,63.2,65.9,66.4,59.6,55.9,46,44,53.2
Washington,1937,31.7,41.4,48.9,49.1,56.7,63,65.8,64.4,61,56.7,48.8,44.9,52.7
Washington,1938,42.5,44.4,46.5,53.4,57.9,62.7,67.3,63.3,63.4,55.1,45.1,44,53.8
Washington,1939,44.7,40.7,46.4,53.7,57.6,59.8,65.9,66.6,61.1,54.2,50.9,47.5,54.1
Washington,1940,45.4,47,50.6,54.1,60.5,64.5,66,66.4,64,57,44.7,46.4,55.6
Washington,1941,45.9,48.3,53.1,55.1,57.6,62.2,69.5,65.5,58.9,54.6,49.1,44,55.3
Washington,1942,42.7,44,46.8,52.7,56.6,60.7,67.7,67.7,61.5,55.4,45.6,44.4,53.8
Washington,1943,36.9,45.2,45.5,53.6,54.7,60.1,64.3,63.9,63.4,54.3,48.4,43,52.8
Washington,1944,44.1,43.8,45.9,51.9,57,60.9,65.5,64.5,63,57.5,47.8,41.9,53.7
Washington,1945,44.5,44.7,44.9,48.8,58.8,60.7,66.5,64.8,59.4,54.7,46.2,43,53.1
Washington,1946,43.2,44.4,46.1,51,59.9,60.4,66.5,65,60.7,51.1,44.3,41.9,52.9
Washington,1947,38.8,46.8,50.1,54.1,60.4,61.5,65.6,64.3,61.1,54.5,45.9,45.1,54
Washington,1948,41.4,41.9,45.2,48,55,63.8,64.4,63,59.6,52.4,44.9,39,51.6
Washington,1949,33.6,39.9,47.5,51.8,59.1,60.8,63.5,64.6,62.6,51,51.5,41.8,52.3
Washington,1950,28.7,43.2,44.8,49.7,54,61.9,65.7,66,61,52.5,46.8,47.9,51.9
Washington,1951,40.2,43.9,42.5,53.5,56.9,63.8,66.4,64.3,61.9,53.6,47.7,39.8,52.9
Washington,1952,39.8,44,45.7,52.1,56.8,58.9,65.5,65.7,63.2,57.2,45.5,45.1,53.3
Washington,1953,47.1,44.2,46.1,50.3,56.2,58.5,65.4,65.7,62.1,55.8,49.7,44.9,53.8
Washington,1954,39.1,45.1,44.6,48.7,56.8,58.1,62.2,62,60.5,53.5,51.3,43.9,52.2
Washington,1955,42.5,41.3,41.5,47.2,53.1,59.6,62,63.2,59.9,53,41.2,41.2,50.5
Washington,1956,41.7,38.2,43.2,52.2,59.6,58.9,66.7,65.3,60.2,52.5,45.8,43.2,52.3
Washington,1957,36,42.2,46.6,52.3,60.4,62.2,63.6,64.6,65.6,53.8,46.3,46,53.3
Washington,1958,46.2,50.1,47.4,52.2,62.2,65.7,70.6,68.5,62.2,56.2,45.7,47.4,56.2
Washington,1959,42.7,43.5,46.3,52.1,56.1,61.9,67.8,64.4,59.3,54.2,46.7,43.5,53.2
Washington,1960,42.2,44.7,46.2,52.4,55.4,61.6,67.6,63.4,60.1,55.1,46.9,43,53.2
Washington,1961,46.5,46.9,47.9,50.2,56.6,64.7,67.8,69.2,60.9,53.2,45,42.4,54.3
Washington,1962,41.5,45.4,45.3,53,54.2,61.2,65.1,64.9,62.1,55.7,49.1,45.5,53.6
Washington,1963,37.4,50.3,46.8,50.7,58.5,59.9,63.6,65.3,64.5,56.1,47.6,44.6,53.8
Washington,1964,43.4,44.1,46.3,49.6,55.7,60.2,65.3,64.3,60.6,55.9,45.2,39.3,52.5
Washington,1965,42.7,44.6,48.9,52.5,54.6,62.5,67.1,66,59.7,57.3,51.4,43.4,54.2
Washington,1966,43.8,46.1,48.4,52.6,57,61.2,64.5,66.3,63.6,54.6,49.1,47.1,54.5
Washington,1967,45,45.9,45.1,49,57.7,65.2,67.3,70.5,66.3,55.9,49.9,43.7,55.1
Washington,1968,43,50.6,50.2,50.6,58.6,61.9,68.5,64.8,61.3,54.3,49.5,39.5,54.4
Washington,1969,34.8,43.2,48.4,50.7,59.9,65,64.9,63.5,61,54,47.7,46,53.3
Washington,1970,42.9,48.3,48.2,49.7,57.3,64.3,66.2,65.4,59.9,52.4,47.2,40.9,53.6
Washington,1971,41.6,42.6,43.4,50.9,56,58.1,66,68.4,60.6,51.8,47,39.1,52.1
Washington,1972,38.2,43.2,48.3,48.1,58.9,60.1,65.9,66.2,57.8,51.6,M,39.1,52.5
Washington,1973,39.5,44.7,46.7,50.5,57.4,60.6,65.6,62.2,61.3,52.8,43.4,44.2,52.4
Washington,1974,39.3,43.4,45.4,49.8,53.8,61,64.2,66.3,64.8,54.1,47.9,44.4,52.9
Washington,1975,41.7,42.1,44.3,47.3,55.8,59.6,66.1,62.8,62.3,52.7,45.9,43.3,52
Washington,1976,44,42.9,43.9,51.2,56,59.1,65,63,61.7,54,47.9,44.3,52.7
Washington,1977,39.6,47.5,44.8,52.2,53.6,61.4,63,68,58.6,52.2,44.4,42,52.3
Washington,1978,43.6,46.1,49,50.6,54.9,63.8,65.3,64.9,59,54.7,42,38.2,52.7
Washington,1979,36.2,42.2,49.3,51.1,57.8,61.3,66.3,65.2,63.2,55,45,44.8,53.1
Washington,1980,36.6,45.2,46.9,53.4,56,59.1,64.5,63.2,61.5,55,48.4,45.7,53
Washington,1981,45.5,45.5,50.4,52.2,56.7,60,65.1,69.4,62.2,52.5,48.5,42.5,54.2
Washington,1982,40.8,43.2,45.6,48.7,56.1,64.2,64,65.1,61.3,53.6,43.7,42.1,52.4
Washington,1983,46,47.8,50.2,52.6,59.1,61.6,64.5,66.6,59.2,53.1,48.9,37,53.9
Washington,1984,44.5,46.3,49.9,50.6,55.1,60.3,65.7,65.5,60.3,51.5,46.1,38.4,52.9
Washington,1985,39.1,40.5,44.8,50.6,56.8,61.5,69.5,65.6,58.8,52.6,37.3,38.1,51.3
Washington,1986,45.3,43.5,50.4,49.6,57.4,63.6,63.1,69.2,60.8,55.7,47.4,43.5,54.1
Washington,1987,42.8,47.6,50.1,54.6,59.3,63.5,64.5,65.7,62.1,55.4,49.1,40.2,54.6
Washington,1988,41.3,45.6,46.6,51.4,56.4,60.3,65.3,64.7,60.3,55.6,46.4,42.4,53
Washington,1989,41.8,36.6,44.4,53.7,56.1,63,63.8,64.6,62.6,53.3,47.8,44,52.6
Washington,1990,43.5,41.3,47.9,52.9,56.6,61.2,68,67.5,63,51.9,48.1,36.4,53.2
Washington,1991,40.7,48.3,44.6,49.6,55.5,58.6,66.3,66.8,62,52.3,47.4,42.5,52.9
Washington,1992,43.2,46.9,50,53.8,59.5,65,66.4,67,58.8,53.6,45,39.5,54.1
Washington,1993,39.2,42.3,48.8,51.7,61.2,62,62.9,66.2,62.7,56,43.1,41.9,53.2
Washington,1994,45.6,41.6,48.3,53,58.6,61,68.2,68,65,53.7,43,41.9,54
Washington,1995,44.3,45.7,47.5,51.6,59.9,63.2,67.8,63.5,64.8,53.6,50.3,43.1,54.6
Washington,1996,41.4,43.6,48.2,52.4,53.8,60.8,67.6,67,60.1,52.7,45.1,40.1,52.7
Washington,1997,42,43.8,45.8,50.6,60.2,61.4,66.4,69.3,63.7,53.4,49.4,42.9,54.1
Washington,1998,43,46.1,48.1,52.1,55.6,60.8,M,M,M,M,M,41,49.5
Washington,1999,M,M,M,M,M,M,M,65.7,61.1,52.9,48,43,54.1
Washington,2000,41,44.2,45,51.5,54.1,61.3,65.1,64.5,61.3,53.4,43.5,41.2,52.2
Washington,2001,42.5,41.3,46.1,49,55.3,58.8,63.9,66,61,51.6,47.8,42.3,52.1
Washington,2002,41.7,42.6,42.8,48.9,53.7,61.8,65.4,66,61.2,52.1,48.2,43.9,52.4
Washington,2003,45.8,42.5,47.5,49.7,55.5,62.8,68.2,67.1,63.1,55.5,43.4,42.3,53.6
Washington,2004,41.1,44.8,48.2,53.4,57.8,63.4,68.6,68.8,60.1,54.3,46.2,43.3,54.2
Washington,2005,42.8,43,49.3,51.7,59.1,60.6,66.1,67.4,59.9,54.9,44,41.8,53.4
Washington,2006,44.6,41.3,46,50.1,56.3,62.7,67.3,65.4,62.3,52.6,45.1,41.5,52.9
Washington,2007,39.2,44.4,47.3,50.8,55.7,60.5,68.1,66,60.6,51.5,44.9,40.8,52.5
Washington,2008,39.5,44.1,44,47,55.7,58.1,64.6,66.5,60.9,52.2,49.7,38,51.7
Washington,2009,39.7,41.9,42.8,49.1,55.7,63.4,69.1,66.7,62.6,52.7,47.2,38.1,52.4
Washington,2010,46.1,46.6,47.7,50.3,53.6,59.2,64.4,65.3,62.3,54.7,44.7,43.9,53.2
Washington,2011,42.6,40.1,46.5,46.9,52.9,59.4,63.5,66.4,64.6,53.6,44.1,40.7,51.8
Washington,2012,40.3,43.9,44.4,51.7,55.2,58.7,64.6,67.7,62.8,54.2,47.4,42.3,52.8
Washington,2013,39,44.3,47.5,50.2,58,63.9,67.1,69,63.2,51.2,46,38.5,53.2
Washington,2014,42.9,40.7,47.9,52.5,59.6,62.1,69,69.5,64.7,58.6,46.2,45.1,54.9
Washington,2015,45.4,48.3,50.7,51.9,59.1,67.1,70.9,68.4,60.4,57.5,44.5,43.4,55.6
Washington,2016,43.5,47.7,49.4,56.3,59.2,63.6,67,68.6,61.4,55.4,51.3,38.5,55.2
Washington,2017,38.7,41.6,46.5,50.8,58.1,62.6,67,69.7,64.9,53.2,46.6,40.5,53.4
Washington,2018,44.9,41.4,46.2,50.6,60.8,62,70,68.5,62.3,53.4,48.2,43.5,54.3
Washington,2019,44,36.6,47.4,52,59.5,62,65.5,68.5,62.3,50.9,46.4,44.2,53.3
Washington,2020,44.2,43.6,44.6,51.8,58.7,61.5,65.8,67.2,65.4,54.1,46.6,44.1,54
Washington,2021,43.7,41.6,45.3,52.1,56.8,66.4,68.9,68.3,62.5,53,48.5,38.9,53.8
Washington,2022,41.4,42.8,47.3,48.6,54.1,61.6,69.2,70.5,65.4,58.4,42.9,39.3,53.5
Idaho,1900,36.8,36.2,48.7,51,59.7,70,72.3,67,59.5,50.6,41.5,36.4,52.5
Idaho,1901,34.8,35.9,42.5,48.2,61.7,60.4,74.8,76.4,58.2,56.8,44.7,35.7,52.5
Idaho,1902,28.5,39.4,40.9,50.1,57.5,64.6,69.4,70.2,62.3,54.3,41,35.4,51.1
Idaho,1903,32.2,26.2,43.2,49,57.4,70.6,70,72.3,59.7,53.4,43.2,32.2,50.8
Idaho,1904,32.6,39.2,41.5,52.1,58.6,64.6,72.2,75,64.8,55.1,47.5,32.3,53
Idaho,1905,33.6,33.8,47.1,51.8,54.9,61.6,74.9,74.5,63.7,47.3,40.3,27.5,50.9
Idaho,1906,30.6,35.2,37.4,52.3,55.3,61,77.4,72.9,64.4,54,38.7,38.6,51.5
Idaho,1907,30.3,43.1,43.6,49.8,58,60.8,72.1,68.1,61.4,57.7,42.3,36.7,52
Idaho,1908,35.3,37.8,42.1,51.9,52.6,61,75,70.5,62.6,49.7,43.2,31.1,51.1
Idaho,1909,36.5,39.6,43.8,46.2,53.5,66.3,71.5,72.8,63.1,53.2,44,27.5,51.5
Idaho,1910,24.2,29.3,49,55.9,59.9,66,75.6,68.9,61.8,53.5,42.1,34.8,51.7
Idaho,1911,33.5,29.9,44.8,47.4,53.9,65.5,73.7,69.5,60.1,49,37.9,31.1,49.7
Idaho,1912,28.8,36.7,40.2,48.3,56.5,66.6,68.8,68.1,57.7,48.3,43.1,31.6,49.6
Idaho,1913,28,31.3,38.9,50.6,59,65,70.2,73.2,62.1,48,43.5,28.9,49.9
Idaho,1914,37.8,36,46,51.2,61.2,63,75.1,72.8,61.4,54.4,41.9,24,52.1
Idaho,1915,27.6,40.7,47.1,55.4,55,61.7,70.5,78.2,60.4,54.4,39.5,33.6,52
Idaho,1916,27.4,38.6,46,51.4,52.5,61.8,70.8,70.3,62.5,48.7,36.5,28.4,49.6
Idaho,1917,23.2,30.5,33.2,46.4,55,62.7,77.3,74,66,53.1,44.4,43.1,50.7
Idaho,1918,34.4,35.9,45.5,48.8,54.8,73.1,74.4,67.3,65.2,53.7,39.6,29.5,51.9
Idaho,1919,32.8,35.8,42.7,51.9,59.3,66.4,75.6,74.5,61.7,44.9,37.1,23.6,50.5
Idaho,1920,30.1,35.4,40.7,45.5,55,64.1,76.2,72.3,63.2,48.3,40.7,34.3,50.5
Idaho,1921,34.7,35.3,45.2,47,57.3,68.3,74.1,74,57.6,55.6,44.7,32.9,52.2
Idaho,1922,20.7,31.9,38.9,45,56.3,70.3,75.6,74.5,66.1,56.2,37,30.1,50.2
Idaho,1923,35.5,30.7,40.5,49.4,56.9,62.6,75.5,73.1,65.7,50.2,42.5,31.6,51.2
Idaho,1924,23.6,42,39,49.8,63.8,66.8,73.9,70.5,63.7,52.8,40.7,21.8,50.7
Idaho,1925,32.6,41.9,44.7,52.4,61.8,66.5,78,70.7,61.3,50.1,40.4,35,53
Idaho,1926,30.4,41.7,45.6,56.6,58.7,70.2,76.8,73,57.1,54.6,45.8,30.3,53.4
Idaho,1927,31.8,39.7,42,48.4,54.4,66.2,74.8,71.6,59.6,54.1,45.8,27.9,51.4
Idaho,1928,29.4,34,45.4,47.9,64.7,63.6,75.7,71.2,64.3,52.8,41.8,28.3,51.6
Idaho,1929,23.1,25.4,42.8,46.9,57.9,64.1,74.9,77.3,58.8,53.9,37.6,37.6,50
Idaho,1930,17.9,40.4,44.3,55.5,55.9,64.4,76,74.8,63.2,49.6,37.1,23.9,50.3
Idaho,1931,30.1,36.2,43.4,50.6,61.4,68.1,77.4,75.1,62.5,53.9,36.7,28.7,52
Idaho,1932,27.2,31,40.8,51.4,58.4,67.1,73,70.8,64.1,50.9,42.7,25.4,50.2
Idaho,1933,31.8,22.8,41.1,48.6,53.9,69.7,76.4,72.9,61.2,56.5,42.4,42.4,51.6
Idaho,1934,39.7,44.2,50.7,57.7,65.4,65.7,76.1,74.9,61.4,54.5,46.7,32.9,55.8
Idaho,1935,30.9,33.2,39.9,48.9,56.5,66.1,74.3,72.2,67,51.9,34.4,29.1,50.4
Idaho,1936,31.6,28.4,40.2,54.1,62.8,69.2,78.3,75,61.9,54.9,37.4,35.2,52.4
Idaho,1937,15.4,32.4,44.4,48.3,60.5,66.1,76.9,71.1,65.7,55.2,45.7,37.5,51.6
Idaho,1938,35.9,40.6,41.8,51.8,56.2,67.1,75.1,71.7,68.7,53.9,35.6,34.2,52.7
Idaho,1939,34,30.5,44.5,53.7,61.9,63.1,75.9,74.7,64.3,52.3,42.3,40.2,53.1
Idaho,1940,33,38.9,45.6,50.1,61.3,69.6,74.9,74.2,63.1,54.3,35.5,35.3,53
Idaho,1941,33.2,39.5,45.4,50.1,58.5,62.9,75.5,70.9,57.9,50.9,42.1,35,51.8
Idaho,1942,20.8,31.5,40.3,51.8,53,60.8,75.7,72.9,63.2,52.5,39.7,33.5,49.6
Idaho,1943,28.2,35.9,39.9,54,54,61.6,73.3,70.9,66.6,53.9,40.1,32.8,50.9
Idaho,1944,25,34.1,38.3,48.9,58.6,60.8,72.3,70.7,63.7,58,38.7,29,49.8
Idaho,1945,32.1,37.6,40,46,56.6,61.1,74.9,73.4,59.9,55.2,39.7,30.8,50.6
Idaho,1946,29,33.8,43.8,51.9,57.7,65.4,74.9,73.3,61,45.1,37.7,36.2,50.8
Idaho,1947,23.3,38.1,44.9,49.4,62.2,61.8,75.1,72.2,62.9,55.1,36.1,31.3,51
Idaho,1948,33,32.1,37.9,48.1,56.3,66.5,70.3,70.4,61.9,52.3,37,25.5,49.3
Idaho,1949,10.3,30.7,43.2,53.4,61.5,65.7,74.4,73.6,65.6,46.5,44.6,31,50
Idaho,1950,25.3,35.2,39.8,47.5,54.1,63.6,73.3,72.6,63.1,56.9,42.6,36.2,50.9
Idaho,1951,29,36.8,37.1,50.6,56.8,62.3,75.7,72.2,63.6,49.2,38.7,27.5,50
Idaho,1952,26.6,30.4,36.7,52.5,57.6,64.2,73.5,72.9,65.3,56.9,35,34,50.5
Idaho,1953,41,36.4,42.4,46.1,52.1,59.3,74,71.5,66,52.8,45.3,31.3,51.5
Idaho,1954,36.5,38.8,39.3,49.9,59.9,61.3,75.3,68.2,61.5,50.9,43.5,30.5,51.3
Idaho,1955,23.5,27.2,36.2,44,53.6,66.6,71.3,74.6,62.5,53.3,35.5,35.3,48.6
Idaho,1956,33.5,27.3,41.9,50.5,59.4,64.5,75.1,69.7,64.1,50,35.3,30.6,50.2
Idaho,1957,21.5,34.5,42.2,48.7,58.2,66,73.1,70.7,65.3,49.5,36.4,34.4,50
Idaho,1958,31.5,42.2,40.7,47.8,64.3,66,74,75.9,62,55.3,40.2,36.6,53
Idaho,1959,35.8,37.1,41,50.7,52.7,68.6,76,70,59.7,49.6,34.7,27.9,50.3
Idaho,1960,23.9,33.6,42.9,49,54.4,68.9,80.7,69,66,52.6,40.5,30.5,51
Idaho,1961,32.9,41.2,44.4,48.1,57.9,72.8,76.2,77.8,57.2,49.1,37,30.8,52.1
Idaho,1962,21.1,32.2,38.5,52.4,56,65.5,72.2,70.7,65.2,53,41.4,35.4,50.3
Idaho,1963,23.3,43.3,44.2,48.2,60.8,63.9,72.2,73.4,70.9,57.8,43.7,28.1,52.5
Idaho,1964,26,26.3,37.5,45.3,55,62.5,74.9,69.2,59.6,52.9,36.9,35.1,48.4
Idaho,1965,34.1,36.9,39.1,50.2,54.9,64.6,73.3,71.1,57.1,56.4,44.3,30,51
Idaho,1966,32.4,33.3,43.2,49.2,61.4,65,73.2,72,66.2,49.4,43,31.2,51.6
Idaho,1967,36.2,38.3,42,43.8,56.5,66,78.4,78,68.6,50.7,40.7,27.8,52.3
Idaho,1968,29.5,41,45.9,46.3,57.8,67.8,77.3,68.7,63,52.4,42,35.1,52.2
Idaho,1969,34.3,36.2,42.5,50.5,61,66.2,72.9,72.4,64.2,45.9,39.7,34.6,51.7
Idaho,1970,36.2,41.2,41.4,43.8,57.5,68.9,76.3,75.7,57.8,47.5,43.1,33.5,51.9
Idaho,1971,33.9,37.5,40.2,49.2,60,64.8,74.7,78.6,59.1,49,39.7,30.2,51.4
Idaho,1972,30.9,36.5,45.5,46.7,60.6,67.6,73.5,74.5,58.7,51.7,40.5,23.8,50.9
Idaho,1973,30.7,39.4,43,49.1,60.5,67.6,75.5,73,63.1,52.4,41.7,38.4,52.9
Idaho,1974,29.3,38.7,42.6,49.7,55.4,71.7,73.8,71.7,65.3,52.2,41.7,33.1,52.1
Idaho,1975,28.2,36.9,41.5,44.5,56.2,64.4,78.3,70,65.5,52.3,39.5,31.4,50.7
Idaho,1976,32.1,34.2,37.1,47.3,59.2,62.6,73.1,67.7,64.1,50.8,40.8,29.3,49.9
Idaho,1977,19,33.7,39.8,54.1,53.6,70.2,72.7,73.5,62,53.1,39.6,37.2,50.7
Idaho,1978,37,38.2,48.6,48.5,54.3,64.5,72.8,69.9,61.4,52.8,36.7,27,51
Idaho,1979,16.2,34.3,43.2,48.7,57.8,66.7,74.1,71.1,67.3,54.3,34.7,35.8,50.4
Idaho,1980,30.3,39.8,41,52.6,57.2,62.6,72.9,67.2,62.5,51.6,39.8,33,50.9
Idaho,1981,33.9,36.8,44.4,50.3,54.7,63.2,71,74.1,63.6,48.7,44,35.3,51.7
Idaho,1982,24.8,30,41.3,45.2,54.8,65.8,70.1,72.6,60.4,50.9,36,31.5,48.6
Idaho,1983,35.8,41.5,44.6,47,56.5,63.7,69.4,74.9,60.8,53.8,42,23.2,51.1
Idaho,1984,21.2,30.1,41.9,45.9,54.8,61.7,74.2,75.5,60,46.8,39.1,22.9,47.8
Idaho,1985,19.1,25.8,35.9,51.6,58.4,67.2,77.7,69.2,56.2,48.4,27.6,12.6,45.8
Idaho,1986,29.4,41,48,48.3,59,72,69.6,75.9,57.3,52.6,40.4,28,51.8
Idaho,1987,27.7,37.6,44.2,56,62.2,70.2,71.2,70,65.6,54.9,40.7,32.8,52.8
Idaho,1988,26.1,37.8,42.6,52.7,57.9,70.7,74.6,71.5,61.7,59.8,40.7,27,51.9
Idaho,1989,24.7,23.2,43.6,53.1,56.3,68.4,76.9,70,63.3,51.2,39.4,30.4,50
Idaho,1990,34.1,34.1,44.3,54.7,55.6,66.9,76.1,74,69.9,51,41.1,18.1,51.7
Idaho,1991,24.4,41.6,43,48.3,54.9,62.6,75.7,76.6,65.7,51.8,37.4,31.6,51.1
Idaho,1992,33.1,42.1,48.9,54.8,64.2,69.8,71.3,73.9,63.4,54.4,34.5,28.5,53.2
Idaho,1993,24.7,28.8,41.7,48.1,63,61.9,65,68.6,63,53.1,32.8,33.3,48.7
Idaho,1994,32.7,34.7,46.1,52.6,61,67.9,76.9,76.1,66.8,50.3,32.5,30.3,52.3
Idaho,1995,36.2,41.4,43.6,48.2,56.9,63.8,73.4,71.2,65.7,49.1,44.4,33,52.2
Idaho,1996,32.5,35.1,44.2,49.9,55.4,66.7,76.7,74.7,61.8,52.4,41.3,36.3,52.2
Idaho,1997,32.1,36.8,45.4,48.9,62.9,66,72.7,75.5,67.7,52,43,31.1,52.8
Idaho,1998,38.9,40.2,44.2,49.8,56.3,63.3,79.2,76.7,69.8,51.6,43.6,30.7,53.7
Idaho,1999,35.3,36.9,43.7,47.5,55.7,66.3,73.7,75.1,64,54.3,46.9,31.9,52.6
Idaho,2000,34.1,41.6,43.4,54.3,59.7,68.6,76,75.9,63,52.2,32.7,31,52.7
Idaho,2001,27.2,33.8,45.8,48.1,61.4,67.3,74.3,78.7,68.4,53.5,44,30.7,52.8
Idaho,2002,31.5,34,40.7,50.5,59.1,69.6,79.6,70.9,65.1,49.4,40.6,37.3,52.4
Idaho,2003,38.7,36.9,46.4,49.4,58.7,69.7,80.5,77.3,66.7,58,37.7,37.2,54.8
Idaho,2004,28.4,34.9,48.2,53.8,58.7,69.3,78,74.9,63.6,53.5,38.2,35.4,53.1
Idaho,2005,32.8,36.8,45.7,50.5,59.4,64.4,78.3,76.7,63.3,53.7,37.5,29.5,52.4
Idaho,2006,36.4,34.7,42.3,51.7,61,71,81.5,74,65.4,51.2,43.3,31.7,53.7
Idaho,2007,29.2,38.9,48.3,51.7,62.5,70.5,83.1,75.5,64.7,52,40.9,32.4,54.1
Idaho,2008,29,36,40.8,46.6,60.5,67.1,77.6,75.9,66.1,53.5,43.6,31.5,52.4
Idaho,2009,31.3,36.9,41.6,50.6,61.6,67.8,78.5,75.1,70.6,48.5,41.4,26.7,52.6
Idaho,2010,37.4,40.3,44.7,48.8,53.6,66.3,75.8,73.9,67.6,57,38.9,35,53.3
Idaho,2011,31.7,35.5,44.1,46.2,55.5,64.3,75.6,78.4,71.4,54.6,40,31.3,52.4
Idaho,2012,34.8,38.4,47.1,54.7,58.9,67.3,81.3,78.5,68.6,53.2,44.6,35.9,55.3
Idaho,2013,19.6,35.5,45.1,49.9,61,69.9,81.5,78.2,66.6,50.2,39.7,23.9,51.8
Idaho,2014,30.5,39.1,45.7,50.5,60.7,67.3,81,75.7,67.6,58.2,35.8,37.4,54.1
Idaho,2015,31.7,43.9,49.7,51.2,62.1,75.9,76.6,77.4,66.6,59.7,37.2,31.8,55.3
Idaho,2016,33.6,41.1,47.5,56.5,60.9,71.8,75.4,75.1,63.9,56.2,46.8,23.3,54.3
Idaho,2017,21.3,37.8,48.9,49.4,59.7,69,81.6,78,66.2,49.9,43.8,28.6,52.9
Idaho,2018,37.8,35.3,44.1,52.4,63.8,68.3,80.1,76.3,65.6,52.6,39.4,32.6,54
Idaho,2019,35.3,34.2,43.2,53,59.8,67.4,76.5,76.9,65,46.2,40.7,36.1,52.9
Idaho,2020,37.5,37.2,45.4,52.2,60.5,66,75.7,77.3,68.7,54.3,40,32.9,54
Idaho,2021,36.4,35.1,44.8,51.8,59.5,75.9,83.8,74.4,66.5,54.9,44.4,34.1,55.1
Idaho,2022,28.9,33,45.6,46.7,55.5,67.3,80.7,81.9,71.2,56.8,34.2,29.2,52.6
Utah,1900,35.6,34.1,48.5,49.1,60.6,73.7,74.7,74,62.8,52.6,44.7,35.1,53.8
Utah,1901,33.5,35.2,40,49.7,63.1,65,80.2,76.1,62.9,55.6,45.9,32.7,53.3
Utah,1902,27.5,38.9,38.1,50.2,59.2,69.4,72.5,74.7,64.1,55.1,41,33.5,52
Utah,1903,32,20.1,42.3,48.2,54.8,70.5,73.7,76.6,61.6,53.1,42,29.6,50.4
Utah,1904,25.8,35.9,40.7,50.5,57.5,66.1,73.9,74.2,66.4,53.1,44.3,33.1,51.8
Utah,1905,33.3,34.2,43.9,51.7,54.5,67.6,76.9,75.8,65.3,48.3,41.8,26.3,51.6
Utah,1906,28.3,34.1,39.7,49.3,56.4,62.5,76.2,73,63.9,52.6,39.2,38.4,51.1
Utah,1907,30.6,42.9,44.5,51.4,55.7,60.1,74.7,71,63.4,57.4,41.5,34.7,52.3
Utah,1908,31.2,36.1,41,52.4,51.9,60.8,75.6,71,63.3,48.2,39.8,30.1,50.1
Utah,1909,38.2,35.9,41.3,45.8,53.4,69.9,74.6,75.5,63.2,54.5,44,24.1,51.7
Utah,1910,28.6,31.6,49.6,54.6,60.1,71.2,77.7,74.6,67.8,54.2,46.6,35.4,54.3
Utah,1911,36.3,30.4,44.3,47.9,57.2,67.7,74.1,74.8,64.7,50,37,27.8,51
Utah,1912,34.4,37,40.1,46.8,55.8,69,73.6,72.5,58,49.7,42.7,30.6,50.9
Utah,1913,26.9,31.8,38.2,51,60.9,67.5,73.5,75.9,63.5,50.4,43.9,30.5,51.2
Utah,1914,35.2,34.5,45,51.8,62.4,64.9,75.1,75.5,64.5,55.8,43.5,29,53.1
Utah,1915,28.2,38.1,45.1,56.4,56.7,64.2,75.2,77.9,62.4,56.3,43.6,33.7,53.2
Utah,1916,29.4,36,46.3,51.6,54.8,65.9,76.9,72.9,65.3,49.9,36.3,27.8,51.1
Utah,1917,21.2,28.6,33,45.6,53.7,65.8,79,73.9,66.4,54.3,43.9,41.9,50.6
Utah,1918,30.5,31.7,45.4,47.6,56.4,75.4,75.6,72.4,66.7,54.9,38.8,31.2,52.2
Utah,1919,32.1,34.1,42.6,52.1,62.5,74.1,80.3,77.4,66.8,44.5,38.4,24.5,52.5
Utah,1920,30.8,37.4,39.2,43.9,57.9,68,78.6,73.7,64.7,49.4,40.4,31.7,51.3
Utah,1921,35.7,36.8,46.1,47,59.1,71.3,77.4,74.6,62.6,58.7,45.9,36.4,54.3
Utah,1922,22.2,29.8,36.8,44.3,57.6,73,76.5,76.1,69.2,55.9,38,33.1,51
Utah,1923,36,26.6,37,47.1,59.5,64.2,78.3,73,64.2,48.7,43.3,29.4,50.6
Utah,1924,24.9,39.3,36.6,49.6,62,70.7,77.5,75.4,64.4,52.4,40.3,24.3,51.4
Utah,1925,28.9,40.2,44.7,51.7,63.3,65.6,78.8,73,63.5,51.9,39.9,35.4,53.1
Utah,1926,28.7,38.9,44.1,55.4,60.7,72,76.5,75,62.1,54.8,46.6,30.6,53.8
Utah,1927,32.5,38,41.1,49,55.6,68.8,78.1,73.1,63.2,55.5,46.8,27.8,52.5
Utah,1928,30.1,35.9,45.2,47.9,61.9,63.2,74.7,70.6,62.9,51.4,38.5,25.5,50.7
Utah,1929,22.5,24,38.8,44.4,56.3,65.3,76,76.4,60.8,52.9,35.3,35.6,49
Utah,1930,20.4,37.9,41.4,56.1,55.2,67.9,77.6,73.3,63.5,48.6,31.8,18.7,49.4
Utah,1931,18.7,32.8,40,50.1,57.7,71.8,77.7,75,63.6,54.1,33,22.8,49.8
Utah,1932,18.8,30.3,38.8,48.8,57.5,65.6,74.3,72.7,63.4,48.1,41.7,18,48.2
Utah,1933,24.3,16.3,39,45.4,52.2,73.1,79.5,72.4,65.7,56.3,41.8,37.8,50.3
Utah,1934,33.9,42.2,49.2,56.6,66.7,67.6,78.6,76.7,62.6,54.9,42.6,31.3,55.2
Utah,1935,32.1,36.9,39.8,48.9,54.8,69,78.4,75.7,67.8,51.4,36.3,30.7,51.8
Utah,1936,29,32.4,40.4,53.3,61.9,70.5,78.2,75.5,61.9,52.4,36.2,33.6,52.1
Utah,1937,13.2,30.7,41,46.4,61.5,66.8,77.6,76.4,67.4,54.3,43.6,36.3,51.3
Utah,1938,35.7,36.9,40,50,55.2,67.9,73.8,74,68.7,54,32.3,34.1,51.9
Utah,1939,30.5,22.6,41.5,52.6,60.5,64.9,75.6,74.5,64.2,52.2,43,36.3,51.5
Utah,1940,30.1,37.8,45,51.3,63.7,71.7,79.4,77.2,65.3,55.7,35.6,32.5,53.8
Utah,1941,30.6,38.6,43,46.9,60,65.7,75.7,73.8,59.7,49.2,39,34.5,51.4
Utah,1942,20.5,27,35.8,50.6,53.2,64.8,78.2,74.4,64.3,52.7,40.5,33.3,49.6
Utah,1943,31,33.6,40.2,55.7,56,63.8,76,75.7,67.6,54.8,39.9,31.3,52.1
Utah,1944,19.2,29.3,36.4,46.3,58.9,62.9,76,73.8,63.8,56.1,38.4,30.9,49.3
Utah,1945,32.1,36.3,38.9,44.9,58.6,60.2,75.9,73.5,60.6,55.1,39.2,30,50.4
Utah,1946,27.1,34.3,44,54.6,57.1,69,77.3,75.3,63.4,46.6,38.3,35.7,51.9
Utah,1947,22.1,38.5,44.6,48.6,62.8,63.9,77.5,74.1,64.9,56.4,35.5,29.8,51.6
Utah,1948,30.1,33.2,35.6,49.7,59,68,75.7,75.5,65.9,53.1,35.5,25.2,50.5
Utah,1949,11.5,22.8,42.4,53.6,60.1,66.9,76.8,76,67.1,48.3,44.3,30.1,50
Utah,1950,26.5,36.1,40.8,48.5,54.2,65.9,74.3,73.8,63.4,57.9,41.5,35.4,51.5
Utah,1951,29.6,36.3,37.1,50.2,59,63.7,75.7,73.5,64.6,50.5,37.1,26.1,50.3
Utah,1952,27,28.6,33.3,51.8,60.6,67.8,74.6,76.3,68.1,57.4,34.3,32,51
Utah,1953,39.5,36.9,43.2,46.4,52.9,66.7,78.4,75.7,68.2,54,46.1,29.8,53.2
Utah,1954,34,36.3,38.5,53.7,61.5,65.3,78.3,73.2,64.8,52.3,43.9,30.2,52.7
Utah,1955,21.1,24,36.7,45.7,56.8,66.2,75.5,76.3,65,52.8,35.6,37.1,49.4
Utah,1956,35.5,26.3,42.3,49.9,60.4,69.6,76.4,72.7,67,52.1,34.3,30,51.4
Utah,1957,26,40.3,43.1,48.4,57.2,66.8,77,76.5,64.6,52.1,34.5,33.4,51.7
Utah,1958,30.7,41.6,39.1,47.2,65.1,70.6,74.9,77.7,65.4,55.3,38.8,36.2,53.6
Utah,1959,33.9,36,41.4,51.6,55.7,71.5,77.1,74.1,62,51,37.6,27.8,51.6
Utah,1960,25.6,28.6,42.5,50.8,58.6,71,81.2,74.2,68.2,51.5,40.4,29.6,51.9
Utah,1961,28.7,38.1,42.9,50.1,60.8,74.7,79.9,77.8,59.9,49.9,35.3,28.2,52.2
Utah,1962,20.5,31.3,35.1,52.8,58.7,68.1,75.9,73.1,65.8,55.3,41.6,28.4,50.6
Utah,1963,19.5,38.6,39.4,44.3,60.7,63.2,77.8,77.9,67.8,57.8,38.9,24.4,50.9
Utah,1964,21.9,25.7,32,45.6,55.8,63.2,77.5,71.9,61.5,52.9,37.7,33.3,48.3
Utah,1965,31,33,36.7,51,54.7,64.8,75,70.9,57.5,54.5,46.1,30.2,50.5
Utah,1966,30.6,29.4,41.6,49.6,62.6,69.2,80.1,74.1,67.5,49.9,43.1,29.2,52.2
Utah,1967,29.4,37.5,44.2,46.1,56.3,64.5,78.3,78.5,66.7,52.4,43,25.1,51.8
Utah,1968,24.5,38.2,44.7,45.4,56.4,67.5,78.3,69.3,61.4,51.7,38.5,26.8,50.2
Utah,1969,32.2,28.7,38.4,50.4,64,64.8,76.6,77.6,69.7,47.7,39.4,32.4,51.8
Utah,1970,34.6,40.4,40.5,44.1,58.8,67.6,76.6,77.6,59,47,42.5,29.1,51.5
Utah,1971,32.4,34.9,40.4,48.2,56.6,67.4,76.4,76.9,59.8,47.5,37.6,26.8,50.4
Utah,1972,29.8,37.8,46.9,48.1,60.5,71.9,77.1,75.8,63.9,53.5,39.4,22.7,52.3
Utah,1973,19.6,32.3,41.8,47.6,61.6,70.2,76.6,76.5,61.5,54.1,40.5,33.3,51.3
Utah,1974,26.7,31.4,45.2,48,58.8,73.4,79.2,74.2,66.5,54.6,43.4,31.7,52.8
Utah,1975,27.4,35.5,41.1,44.2,54.3,64.7,78.8,73.4,65.3,53.4,37.3,32.8,50.7
Utah,1976,27.9,34.1,38.1,49.3,62.2,67.6,78.7,72.2,66.4,51,41.8,29.4,51.6
Utah,1977,26.8,35.8,37.7,54.1,55,73.2,77.3,75,66.4,55.6,42.5,37.9,53.1
Utah,1978,36.3,39.8,48,50.2,56,69.1,78,73.9,64,55.5,41,26.8,53.2
Utah,1979,22,32.5,43.2,51,60.2,70,78.9,75.5,71.4,56.7,36.5,32.8,52.6
Utah,1980,33.6,35.9,41.5,52.7,56.9,67.5,77.6,74.1,66.3,52.6,41.3,33.6,52.8
Utah,1981,32,38.3,44.1,53.4,57.6,69.6,78.2,77.9,68.5,50.5,44.3,36.4,54.2
Utah,1982,29.7,32.3,43.2,46.5,56.7,68,75.4,78.4,64,48.8,38.1,29.9,50.9
Utah,1983,35.1,39.4,44.6,45.8,55.8,67.7,76.5,77.8,67.8,56,43,31.9,53.5
Utah,1984,23.8,25.8,40.1,48.5,61.6,67.3,78.5,77.2,66.5,49.5,42.7,29.8,50.9
Utah,1985,24.1,25.6,40.8,55.7,63.8,72.5,80.6,76.5,62.7,53.1,37.4,27.7,51.7
Utah,1986,29,41.3,47.7,48.8,57.2,73.5,74.1,77.9,60.2,51.3,40.9,29.7,52.6
Utah,1987,26.5,36.1,42.7,55.9,62.7,71.6,75.6,74.6,66.5,56.4,40.8,30.5,53.3
Utah,1988,25,34.7,41.4,52,59.5,75.7,80.9,76.5,63.7,60,41,28.1,53.2
Utah,1989,22.3,25.3,45.8,54.7,59.9,69.2,81.1,75.1,66.4,53.3,40.4,31.3,52.1
Utah,1990,33.4,32.8,45,54.9,57.8,72,78.9,76.1,72,54,41.4,21,53.3
Utah,1991,24.4,36.5,42.8,47.9,55.5,68.3,79,78.4,64.3,53.6,40,30,51.7
Utah,1992,25.5,39.2,49.2,57.1,65.5,70.4,75.4,77.2,66.5,56,34.1,27.1,53.6
Utah,1993,24.9,29.5,45.4,48.5,63.4,63.7,69.9,72.5,65.4,52.6,34.8,31.5,50.2
Utah,1994,36.8,35.3,45.6,52,63,74.3,80.7,80.8,70.4,51.3,32.6,31.5,54.5
Utah,1995,34.9,42.3,44.1,48.6,55.5,64.3,76,78,67.5,51.5,46.1,37.1,53.8
Utah,1996,33,30.8,45.3,50.6,59.9,73.4,80.5,77.8,64.7,53.9,43.4,37.1,54.2
Utah,1997,32.2,35.2,46,48.3,63.4,70.1,75,78.7,67.8,52.8,42.2,27.9,53.3
Utah,1998,37.9,37.5,40.4,48.1,58.6,62.6,79.7,77.6,68.1,51,42.8,29.5,52.8
Utah,1999,35.8,37.3,44.8,45.5,56,68.4,78.2,77.2,63.5,54.5,45.7,31,53.2
Utah,2000,35.1,39.8,42,54.5,61.7,72.1,80.8,78.9,64.6,52.3,31.4,30.7,53.7
Utah,2001,27.3,34.4,45.4,50.1,63.6,70.9,79.4,79,70.2,55,42.6,26.3,53.7
Utah,2002,26,27.9,38.9,51.6,59.9,71.8,81.9,75.5,66,49.7,37.6,35.5,51.9
Utah,2003,38.3,34.6,44.5,50.4,61.3,71.2,83.5,80,65.8,57.9,37.3,33.5,54.9
Utah,2004,22.4,26.9,47.7,52.4,60.3,70.2,79,74.2,65.3,53.9,39,32.7,52
Utah,2005,34.4,34.9,42.7,50.5,59.3,66.7,80.8,77,65.5,54.4,41.4,31.5,53.3
Utah,2006,34.4,33.5,41.6,53.3,63.1,73.2,83,76.5,63.4,50.5,41,30.7,53.7
Utah,2007,21.1,36.8,46.3,52.5,63,73.2,84,80.6,66.7,51.9,41.9,27,53.8
Utah,2008,23.9,33.2,40.4,46.2,57.4,69.9,81.4,77.8,66.5,53.1,42.9,30,51.9
Utah,2009,30.6,36.2,42,48.8,61.5,66.4,79,75.5,70.6,49.4,41,23.6,52.1
Utah,2010,29,36.6,42.7,48.9,53.2,68.5,79,76.1,68.8,56.7,38.3,33.5,52.6
Utah,2011,27.6,34.1,43.4,45.4,53.1,66.2,78.5,79,69.6,54.8,39.3,29.4,51.7
Utah,2012,33.2,37.3,49,54.1,61.5,73.6,82.2,81.7,70,55.3,45.5,34.8,56.5
Utah,2013,19.4,28.6,44.6,49.4,62.6,75.3,84.1,82.7,70.4,52.4,44.4,24.6,53.2
Utah,2014,30.4,42.1,49,51.9,61.7,69.5,81.3,74.3,70,57.3,41.3,37.3,55.5
Utah,2015,34.3,43.9,49.7,52.3,59.9,77.5,77.4,77.6,70.8,60.5,39.8,31.3,56.2
Utah,2016,30.4,37.1,47.1,55.2,61.7,77.5,83.1,80.2,67.3,58.3,47,29.5,56.2
Utah,2017,27.1,40,50.1,50.3,62.5,76,85.3,81.3,66.9,52.5,47.8,33,56.1
Utah,2018,39,38.6,46.5,54.8,64.5,74.6,83.1,77.7,70.8,53.2,39.1,31.7,56.1
Utah,2019,30.9,34.7,42.8,52.5,58,70.4,82,80.3,67.9,46.5,41.8,33.9,53.5
Utah,2020,35.7,35,46.5,53.3,64.7,70.1,81.1,83,69.4,56,42.5,30,55.6
Utah,2021,33,36.4,44.7,51.3,62.7,80.2,85.7,76.8,70.3,53.2,45,34.8,56.2
Utah,2022,31.9,33.2,46.3,50.8,59.4,74.7,87.3,82.1,75.1,58,37.2,33,55.8
Oregan,1900,41.2,38.6,50.7,53,62.1,70.1,73.7,69,62.3,52.7,42.1,42.7,54.9
Oregan,1901,M,36.8,M,51.7,60.1,63.4,70.2,76.2,60.6,57.6,46.2,39.3,56.2
Oregan,1902,33.6,42.2,M,M,59.7,64.6,70,71.3,62.9,M,43,35.3,53.6
Oregan,1903,38.1,33.6,42.4,48.4,57,68.9,69.5,M,M,M,M,M,51.1
Oregan,1904,M,M,43.9,56.7,58.9,64.1,71.8,70.8,61.5,52.2,45.1,37,56.2
Oregan,1905,34.3,32.9,46.5,52,55.6,64.4,74.6,69.9,61.8,44.4,38.3,34.7,50.8
Oregan,1906,37.6,38.8,39.8,53,57,61.5,77.4,71,61.8,53.3,41.4,37.4,52.5
Oregan,1907,25,38.1,42.7,49.6,59.3,62.8,71.7,66.1,59.9,54.9,43.7,37.9,51
Oregan,1908,35.2,37.1,45.1,51.9,55.6,65.1,76,70.7,62.4,50.6,43.8,33.6,52.3
Oregan,1909,26.7,40.6,45.4,50,56.6,65.7,68.9,70.1,65,52.7,44.2,28.3,51.2
Oregan,1910,29.4,29.6,51.1,56.5,59.7,62.9,70.8,65.7,59.3,52.4,43.6,40.1,51.8
Oregan,1911,36.6,33.7,46.9,50.7,55.4,65.1,74.2,68.4,58.8,50.8,M,M,54.1
Oregan,1912,M,39.9,40.7,49.7,58.1,64.9,69.6,66.9,58.8,48.7,45,37.7,52.7
Oregan,1913,31.4,29.4,42.1,52.8,59.3,66,72.2,73.3,61.7,48.9,44.4,32.2,51.1
Oregan,1914,43.1,36.9,48.1,53.4,61.4,65.1,75.4,73.1,61.1,52.7,42.4,26.9,53.3
Oregan,1915,32.4,43.7,48.7,56,57.7,64.9,71.6,75.5,61.5,54,42.3,37.2,53.8
Oregan,1916,M,M,46.6,53,54.4,63.3,68.1,70.5,61.1,48.7,36.1,31.4,53.3
Oregan,1917,32.8,36.7,39.9,48.8,56.2,63.1,73,71.9,64.1,54.4,44.4,45.1,52.5
Oregan,1918,39.3,39,47.3,50.6,55.5,70.5,72.5,68,65.9,55,41.4,38.1,53.6
Oregan,1919,34.9,38.4,46.1,53.2,59,63.7,75.3,72.5,60.3,49.2,40.1,23.3,51.3
Oregan,1920,31.5,37.1,45.3,49.1,56.3,62.6,72.8,70.8,61.7,51,40.1,39,51.4
Oregan,1921,37.5,41.8,47.2,50.3,58.2,67.4,69.9,69.9,57.9,53.1,42.1,31.6,52.2
Oregan,1922,24.5,34.6,43.2,49.3,57.5,69.7,73.7,70.8,63,51.8,36.4,M,52.2
Oregan,1923,41.1,29.5,44.9,52.8,59.2,64.2,M,71.4,62.9,50.2,44.3,38.3,50.8
Oregan,1924,29.8,45.8,44,51.2,63.3,67,72.5,69.1,62.6,54.2,40.5,26,52.2
Oregan,1925,41.1,45.8,M,56.4,61.8,67.2,74.9,M,60.8,51.6,41.9,40.2,54.2
Oregan,1926,M,46.6,49.3,57.9,M,M,M,70.4,57.6,54.6,44.6,34.7,52
Oregan,1927,30.4,42.4,43.3,48.9,55.2,67.5,73,72.4,59.8,53.7,47.7,M,54
Oregan,1928,30.1,37,47.6,50.6,62.1,65.1,75.5,69.1,62.7,M,43.1,M,54.3
Oregan,1929,25,M,47.3,48.7,59,65.5,71.5,73.3,60.8,49.1,32.9,M,53.3
Oregan,1930,M,43.7,47.6,55.8,57.3,63.8,75.1,74.1,63.2,49.4,40.2,34.1,54.9
Oregan,1931,39.1,39.9,45.8,53.6,64.1,66.6,74.9,71.9,61.7,49.1,36.3,30.4,52.8
Oregan,1932,32,33.4,44.9,48.9,53.9,62.8,M,70.9,63.3,53.6,46.7,30.5,49.2
Oregan,1933,38.2,35.1,47.1,M,55.7,66.6,73.3,73,60.8,55.3,43.2,43.7,53.8
Oregan,1934,43.5,44.7,52.5,59.6,63,65.9,70.6,70.9,60.7,53.7,46.6,39.2,55.9
Oregan,1935,36.1,40.2,44,47.9,58.1,65.7,72.1,70.3,67.2,50.8,35.6,32.1,51.7
Oregan,1936,35.8,20,43,55.1,62.8,67.1,73.5,72.8,63,56.1,35.4,39.5,52
Oregan,1937,14.1,34.3,46.4,49.3,58.8,65.3,74.7,69.5,65.1,56.7,44.5,37.6,51.4
Oregan,1938,35.5,36.3,44.7,52.1,58.8,67.8,76.4,70.7,69,53.9,38.7,37.3,53.4
Oregan,1939,40.2,35.5,46.6,53.9,61.2,63.7,74.6,74.1,65.3,53.8,43.1,41.2,54.4
Oregan,1940,31.1,41.8,49.8,53.2,62.6,69.7,72.8,72.9,66,56.5,35.6,36.2,54
Oregan,1941,34,41.1,49.2,53.7,58.2,64.3,77,71.4,59.6,50.7,44.5,38.6,53.5
Oregan,1942,21.7,37.6,45.1,53.4,56.6,63,74.5,74.7,66.1,55.5,40.2,38.6,52.3
Oregan,1943,25.2,37,42.4,53.8,55.5,61.7,73.3,68.9,67.3,53.9,39.9,32.3,50.9
Oregan,1944,32.6,37.1,42.6,51.4,57.9,62.5,70.4,67.1,63.2,55.2,40.7,32.4,51.1
Oregan,1945,36.3,39.8,43.1,49.3,59.5,64.2,75.1,73.4,61.8,55.4,42.2,33.6,52.8
Oregan,1946,37.9,41.1,44.5,52.3,59.8,63.3,72.8,72.2,61.7,48.7,38.2,37.4,52.5
Oregan,1947,30.5,39.9,48.2,53.1,64,63.4,71.3,69.4,64.4,54,41.6,38,53.2
Oregan,1948,33.5,35.2,41.3,48.2,55.3,68.5,69.3,68.5,61.6,50.2,41.9,30.4,50.3
Oregan,1949,16.8,33.7,43.3,54.6,62.5,65.2,71.2,70.4,64.6,48.5,45.5,36.9,51.1
Oregan,1950,16.5,32.9,42,48.7,56.2,63.8,73.2,73.2,65.1,52.3,42,39.2,50.4
Oregan,1951,33.7,37.5,40.6,52.1,58.5,65.8,73.7,70.6,64.8,50.9,40.6,30.5,51.6
Oregan,1952,29,38.9,42.9,53.8,59.4,63.6,74.1,71.5,66.8,57.5,33.9,36.2,52.3
Oregan,1953,45.8,41,45.3,49.4,55,59.8,72.5,70.5,66.2,53.7,45.7,39.9,53.7
Oregan,1954,34.5,39,40.3,49.6,59.1,61.7,71.2,67.3,62,50.2,46.4,34.7,51.3
Oregan,1955,33.8,36.1,38.7,46.1,54.6,66.7,69.7,72,63,52.8,34.9,33.3,50.1
Oregan,1956,34,28.3,43.5,54,61.2,63.2,75.9,71.5,65.2,50.9,37.3,36.6,51.8
Oregan,1957,19.9,36.1,43.7,52.7,61.5,67.8,71,69,66.3,49.1,41,41.3,51.6
Oregan,1958,37.8,46.8,42.8,49.9,64.8,69.8,77.5,76.9,63.5,54.7,41.9,38.4,55.4
Oregan,1959,35.9,37.7,45,51.7,55.3,66.2,74.5,69.6,61,53.4,37.5,33.6,51.8
Oregan,1960,25.4,39,44,51.7,55.9,67.3,78.3,69.1,64.3,53.8,42.5,30.5,51.8
Oregan,1961,37,45.4,46.2,50.2,57.4,71.6,75.8,76.9,59.5,50,36.3,36.9,53.6
Oregan,1962,32.3,39.8,43.5,53.8,54,65.1,72.9,69.8,65,52.7,45.2,39.3,52.8
Oregan,1963,27,42.8,45.4,48,58.9,65.8,68.6,71.7,67.5,55.5,44.3,32.6,52.3
Oregan,1964,40.2,41,43.4,48.5,56.7,64.9,72.2,68.4,62.6,51.9,40.1,32.8,51.9
Oregan,1965,35.4,41,40.6,52.9,58,66,73.8,71.5,60.1,57.5,44.7,36.9,53.2
Oregan,1966,38.3,39.7,45.4,52,59.9,64.6,70.9,72.4,66.6,54,45.1,41,54.2
Oregan,1967,42.4,42.5,43.5,45.8,58.5,69.7,76.3,79.6,69.9,54.9,41.1,36.8,55.1
Oregan,1968,37.3,42.8,48.4,49.6,59.6,67.4,77.2,70.8,65.9,50.7,42.6,33.3,53.8
Oregan,1969,22,35.5,44.6,49.8,61.7,69.8,72.5,70.1,64.7,49.3,43.2,34.9,51.5
Oregan,1970,32.3,39.4,43.5,45.8,57.7,68.7,74.8,72.5,56.3,47.4,40.4,35.6,51.2
Oregan,1971,40,39.8,40.5,49.4,60.5,63.3,76,76.8,59.1,51.3,43.7,36.9,53.1
Oregan,1972,33.9,37.4,47.7,47.6,60.8,68.3,74.7,76.2,61.1,51.1,42.6,27,52.4
Oregan,1973,31.2,38.4,45.7,50.3,61.3,66.9,75.3,71.7,64,52.7,42.5,41.5,53.5
Oregan,1974,30.4,43.8,46.3,51.7,57.2,71.1,73.3,75.5,67.5,54.8,44.7,40.5,54.7
Oregan,1975,37.1,39,45.1,47.5,59.3,65.7,78.4,70,66.9,54.3,42.3,40.5,53.8
Oregan,1976,39.2,37.9,42.8,50.2,58.7,63.7,73.4,67.7,67.2,53.1,42.7,35.9,52.7
Oregan,1977,26.3,41.4,44.2,55.3,55,69.1,70.3,74.9,58.5,49.9,38.3,34.8,51.5
Oregan,1978,32.2,39.3,45.6,48,54.4,66.3,72.1,69.4,60.4,51.7,33.5,29.5,50.2
Oregan,1979,15.3,37.7,46,50.4,59.5,66.6,72.8,70.6,65.5,54.3,34.7,38.2,51
Oregan,1980,25.6,36.1,41.3,51.9,56.3,60.4,72.1,66.9,63.3,51.3,42,39.1,50.5
Oregan,1981,36.2,38.8,45.6,50.4,56,61.5,69.1,74.2,63.8,50.6,44.2,37.2,52.3
Oregan,1982,35,38.1,43.5,47.6,56.8,67.5,71.1,71.5,60.7,50.7,37.3,35.6,51.3
Oregan,1983,40.8,43.7,47.8,49,58.9,62.7,68.4,72.7,58.9,52.4,45.8,23.2,52
Oregan,1984,34.6,39.7,46.7,48.2,54.7,62.1,72.9,72.2,60.4,49.1,41.8,30.4,51.1
Oregan,1985,26.2,33.5,43.2,53.1,58.4,65.6,77.4,68.1,57,50.2,26.4,19.5,48.2
Oregan,1986,35.8,39,48.8,50,58.6,70,67.5,75.7,58.8,54,42.2,31.5,52.7
Oregan,1987,30.4,39.1,46.4,53.9,59.6,67.2,68.8,70.5,66.2,54.1,42.6,32.7,52.6
Oregan,1988,32.3,41,44.1,51.9,56.8,63.9,72,70,63.3,58.3,44.3,33.9,52.7
Oregan,1989,38.2,25,42.4,52.9,55.9,65.9,70.3,68.8,63.6,51.8,44.6,33.2,51.1
Oregan,1990,39.6,37.9,45.7,54.8,56.3,64.7,75.2,72.2,68.2,51.2,45.4,25.3,53
Oregan,1991,31.2,44.7,42.6,49.6,53.9,59.6,71.5,73.3,64.9,51.6,41.2,36.9,51.8
Oregan,1992,38.6,42.4,47.7,52.7,62.3,70.4,71.9,72.6,61.8,54.2,39.7,32,53.9
Oregan,1993,25,28.2,41.9,50.3,61.8,62.9,65.4,68,64.3,54.6,34.6,35.6,49.4
Oregan,1994,41,34.8,46.7,54.3,60.1,64.4,75.3,71.7,67.2,51.6,40.4,35.3,53.6
Oregan,1995,34.9,41.7,45.3,48.9,57.7,62,72,67.4,66,50.2,46.1,34.4,52.2
Oregan,1996,34.5,35.4,43.3,52,54.5,64,74.6,72,61,51.1,40.3,35.4,51.5
Oregan,1997,32.6,38.6,45.4,48.6,59.8,63.1,70.4,73.1,64.9,51.4,42.6,34.9,52.1
Oregan,1998,37.9,42.9,45.8,50.3,56.2,65.4,77.3,74.6,67.8,50.9,45.5,36.1,54.2
Oregan,1999,41,42.3,43.4,47.3,54.1,63.7,70,72.5,62.5,50.8,46,38,52.6
Oregan,2000,35.5,39.2,44.1,54,58.2,65.8,71.6,70.7,61.5,49.7,35,31,51.4
Oregan,2001,32.7,35.5,44.4,47.3,58.6,62.1,70.5,73.2,66.2,51.2,42.2,36.5,51.7
Oregan,2002,37,38.8,40.9,49.9,56.3,66.9,75,70.1,63.5,48.5,40.9,39.3,52.3
Oregan,2003,40.6,38.7,48.6,49.8,57.3,67.7,76.2,73,65.8,55.6,38.8,35.8,54
Oregan,2004,28.5,39.6,49.1,52.5,58.6,67,75.5,74.4,62.5,55.4,42.8,39.4,53.8
Oregan,2005,35.5,37.5,46.8,50.4,59,63,73.5,72.6,61,52.9,38.7,30,51.7
Oregan,2006,42.2,35.9,43.9,50.5,58.9,65.5,75.5,71,63.9,50.1,42.4,32.9,52.7
Oregan,2007,30.7,38.3,46.4,49.4,58.2,64.8,75.9,69.4,61,49.6,39.5,35.6,51.6
Oregan,2008,31.5,40.8,41.7,46.2,59,63.4,71.7,70.8,62.3,50.7,43.6,28.8,50.9
Oregan,2009,33.5,35.8,40.3,48.9,58.6,65.7,74.8,72.2,64.9,47.9,41.9,27.1,51
Oregan,2010,39.6,42.5,45.3,49.1,53.9,62.1,71.4,70.2,63.2,52.2,37.2,34.5,51.8
Oregan,2011,35.4,36.4,43.9,45.1,53.3,60.4,67.8,71.7,66.4,51.6,41,32.1,50.4
Oregan,2012,35.8,36.8,43.6,51.6,56.7,61.8,72.4,72.7,64.8,51.6,42.7,37.7,52.4
Oregan,2013,31.2,39.3,45.6,49.3,58.1,65.3,75.3,72.9,65.2,49,38.6,30,51.7
Oregan,2014,34.9,33.3,45.4,51.1,60.2,65.3,77.6,73.7,64.9,57.7,36.9,36,53.1
Oregan,2015,36,44,49.5,49,60.5,72.8,76.1,72.4,61.3,56.3,38.4,37,54.4
Oregan,2016,35.5,43.1,46.6,56.2,60.2,67.1,71.4,72,61.4,52.7,46.9,28.1,53.4
Oregan,2017,22.5,35.2,45.8,49.3,57.7,65.6,75.1,75.4,64.6,50.7,43,30.9,51.3
Oregan,2018,39.9,38,44.2,51.2,63.6,65,75.6,72.8,61.5,50.8,40.6,37.4,53.4
Oregan,2019,36.7,27.7,35.6,51.5,59.2,65.5,71.3,73.3,62.9,46.7,39.9,36.2,50.5
Oregan,2020,41.7,41.8,43.6,52.3,59.1,65.9,73.3,72.8,66.3,54.1,41.7,36.3,54.1
Oregan,2021,39.8,35,45.4,50.9,58.2,72.1,77.5,73.1,63.7,52.3,44.6,34.7,53.9
Oregan,2022,34.1,37.8,47,45.6,55.2,65.6,77.4,78.2,67.1,58.7,35.9,31,52.8
Montana,1900,34,21.7,37.8,49,57.8,68.7,69.6,65.2,54.1,47.2,31.6,37,47.8
Montana,1901,24,21.9,37.7,44.3,58.4,55.9,70.9,69.8,51.9,52,43.3,32.1,46.9
Montana,1902,27.6,28,34.9,43.9,56.2,57.4,65.4,67,56.2,48.7,32.6,23.6,45.1
Montana,1903,31.6,27.2,26.4,43.9,51.6,65.1,65.7,65.4,56.1,51.8,31.6,33.8,45.8
Montana,1904,29.2,15.1,25.5,48.1,54.2,62.1,69.5,67.7,57.8,50.6,45.9,31.4,46.4
Montana,1905,18.1,21.4,40.8,44.6,50.4,58,68.4,70.3,59.6,41,36.7,31.4,45.1
Montana,1906,29.3,30.1,26.2,49.1,50.1,57.7,69.8,65.4,60.1,49.6,32,27,45.5
Montana,1907,7.1,29.9,35.7,39.7,49.7,58.4,65.4,62.3,53.7,52.4,39.7,35.1,44.1
Montana,1908,31.9,27.3,31.9,48.4,54,60.2,71.2,65,59.6,44.7,39.3,30.2,47
Montana,1909,16.3,26.5,34.9,38.1,51.3,60.6,67.5,68.6,59.6,48.2,35.8,19.2,43.9
Montana,1910,28.8,18.5,46.9,54.9,56.5,64.4,70.7,64.3,55.7,53.1,35.5,31.2,48.4
Montana,1911,16.3,20.8,40.8,41.8,51.3,64.7,66.2,62.2,53.4,44.8,28.4,26.8,43.1
Montana,1912,21,32.2,22.4,47.9,53.9,64.7,64.4,64.3,51.4,46.3,44.9,35.4,45.7
Montana,1913,17.9,19.9,26.4,46.4,52.5,65.4,67.6,69.4,59.3,43.7,41.7,34.4,45.4
Montana,1914,31.1,22.2,37.9,46.5,55.8,61.5,72.4,66.6,58.8,47.5,41.2,16.3,46.5
Montana,1915,24.1,31.1,34.9,54.3,53.1,56.8,62.6,70,52.8,52,35.8,30.6,46.5
Montana,1916,-3,20.8,39.1,46.5,49.7,58.7,67,65.4,56.2,42.9,35.6,15.4,41.2
Montana,1917,20.4,15.5,26.1,41.4,52.2,59.7,73,66.3,57.9,45.4,46.1,18,43.5
Montana,1918,18.6,25,40.7,44.3,51.2,67.6,68,65.8,57.5,52,34.6,31.9,46.4
Montana,1919,37.1,21.5,27.4,50.2,57.3,67,72.6,69.4,58.3,36.7,28.6,21.6,45.6
Montana,1920,23.1,28.2,32.8,37.2,52,60.6,71.6,68.1,59.2,46.1,33.7,29.5,45.2
Montana,1921,31.7,34.1,34.7,44.4,53.7,65.3,68.5,67.3,51.9,51.3,31.2,25.1,46.6
Montana,1922,19.2,9,33.2,43.4,53.6,65.5,67.1,70,61,49.9,34.9,16.7,43.6
Montana,1923,29.5,18.4,34.5,44.2,54.5,62,71,65.6,57.7,43.8,40.7,30.1,46
Montana,1924,19,36,31.6,44.5,55.2,59,69,64.2,58,49,34.4,15.1,44.6
Montana,1925,27.1,32.3,36.7,48.2,57.5,62.6,71,65.5,54.8,36.2,37.6,35.9,47.1
Montana,1926,33,37.4,37.7,47.6,56.9,62.8,70.5,65.7,48.4,50,33.6,25.4,47.4
Montana,1927,22.5,25.1,36.4,42.8,47.8,61.7,67.2,63.9,55.3,50.4,25.8,12.8,42.6
Montana,1928,26.6,30.4,39,42.7,59.8,58.3,68.5,63.8,56.5,45.4,39.3,29,46.6
Montana,1929,8.9,14.5,37.2,41.6,52.7,61.7,70.8,71.8,52.4,48.5,34.8,22.2,43.1
Montana,1930,6.5,37,31.5,52.5,54.3,62.9,72.1,71.7,58.8,40.7,36.9,35.6,46.7
Montana,1931,35.1,36.4,36.6,47.2,57,66.5,70.1,69.4,58.9,49.4,30.8,31.1,49
Montana,1932,23.8,30.1,25.2,47.9,56.8,63.3,71.3,67.9,58.8,46.1,38.6,21.1,45.9
Montana,1933,28.6,20.5,37.9,43.5,52.9,68,72.8,67.8,57.2,47.5,41.6,22,46.7
Montana,1934,35.1,35,37.6,51.7,62.1,62.1,70.9,68.2,52.4,50.9,41.6,27.7,49.6
Montana,1935,21.8,35.6,29.8,36.6,52.5,61.6,71.4,66.2,59.9,46.7,31.9,32.1,45.5
Montana,1936,19.9,-5.2,33.9,45,63,66.4,76.4,70.2,58.8,51.3,39.1,25.4,45.3
Montana,1937,3.1,17.8,34,46.5,57.4,62.3,72.6,68,58.9,M,34.1,26.5,43.7
Montana,1938,31,18.1,34.1,45.9,52.1,61.9,69.3,67.2,65.5,50.1,33,29.3,46.5
Montana,1939,32.7,18.7,36,48.4,57.7,57,72.8,69.5,M,47.6,45.2,36.7,47.5
Montana,1940,15.8,22.7,36.6,41.1,57.4,64.7,71.3,70.4,62.4,51.6,27.2,32.8,46.2
Montana,1941,28.6,27.5,35.1,45.5,55.5,62.3,71.3,67.5,51.8,46.2,39.5,28.5,46.6
Montana,1942,27.7,19.9,33.3,47.8,50.4,56.8,69.3,67.2,57.2,50.1,33.3,28.2,45.1
Montana,1943,11.7,30.1,24.9,49.6,50.4,56.6,69.4,68.1,59.2,52.1,39.3,32.8,45.3
Montana,1944,33.3,24.1,25.3,47.2,57.1,57.9,67.7,64.9,59.4,55.5,33.8,28.6,46.2
Montana,1945,28.6,23.6,35.6,38.8,51.1,56.8,71.7,70.2,54.6,51.6,33.4,24.1,45
Montana,1946,31.5,32.1,41,50,51.1,61.4,70.6,66.7,56.9,40.5,28.1,26.9,46.4
Montana,1947,27.2,23.2,27.5,46.1,55.1,58.3,73.1,66.8,56.5,51.7,30.3,31,45.6
Montana,1948,29.3,19.9,27.3,43.2,53,61.3,66.4,68.6,59.9,50.7,35.7,18.4,44.5
Montana,1949,10.1,18.8,31.4,51.1,56.8,61.2,68.8,71,58.4,41.5,47.5,19.9,44.7
Montana,1950,-3.8,35.2,28.5,40.7,50.8,58.5,66.3,64.5,55.8,49.1,31.6,33,42.5
Montana,1951,18.2,23.7,19.1,40.8,53.1,54.1,68.1,62.7,52.6,41.9,35.5,15.2,40.4
Montana,1952,18.3,27.5,28,50.9,54.7,61.2,66.4,66.3,61.3,50.2,33.6,32.5,45.9
Montana,1953,32.4,31.2,36,38.2,49.1,58.5,70,69.1,60.9,54.2,44.8,32.5,48.1
Montana,1954,10.2,39.7,25.9,36.9,53.5,56.8,71.5,65,55.8,45.8,44.7,34.6,45
Montana,1955,25.9,21.5,23,40.5,49.5,60.4,67,70.3,56,50.4,19.3,22.3,42.2
Montana,1956,20.8,23.5,33.8,41.4,54.3,63.8,69.4,65.1,58.8,47.6,38.3,29.1,45.5
Montana,1957,7.8,22.4,33.8,42.8,56.4,61.9,71.8,65.5,59.3,40.7,35,36.6,44.5
Montana,1958,36.5,23.6,28,44,61.8,58.9,63.8,71.1,58.5,52.1,33.3,29.9,46.8
Montana,1959,23.1,16.8,38.1,43.4,48.5,63,70.8,65.7,55.7,44.8,29.7,36,44.6
Montana,1960,22.8,23.9,31.3,42.7,52.2,62.2,74.5,65.4,60.2,50.2,35.5,30.1,45.9
Montana,1961,32.8,35.9,37.7,40.3,54.8,69.4,70.1,72.4,50.2,46.6,30,20.3,46.7
Montana,1962,18.9,20.7,25.8,48.1,50.8,61.4,65,67.3,56.7,50.5,40.3,32.6,44.8
Montana,1963,12.8,36.7,39.4,42.9,52.8,61.4,68.9,68.7,64,54.1,38.6,23.5,47
Montana,1964,28.7,33,26.9,42.3,54.8,62.5,72.4,65.3,53.9,53,31.8,11.1,44.6
Montana,1965,23.9,27,20.9,44.7,51.5,60.3,69.6,68,45,53.4,34.9,29.1,44
Montana,1966,13.9,27,36.4,40.2,55.8,59.9,70,65,64.2,47.4,29,27.9,44.7
Montana,1967,26.3,32.1,27.2,35.5,52.5,60.2,73,71,62.8,50.1,36.2,22,45.7
Montana,1968,22,33.2,40.4,40.6,49.5,59.2,67.8,64.4,56.5,47.9,35.8,16.1,44.4
Montana,1969,-2.8,16.6,26.1,50.3,55.7,59.2,68.3,72,61.3,38,40,29.9,42.9
Montana,1970,14.7,32.3,29,38.5,53.8,66.5,71.4,70.9,54.6,44.6,30.2,23,44.1
Montana,1971,16.2,29.3,31.6,44.9,54.6,62,67.5,76,54.7,44.6,36.3,17.9,44.6
Montana,1972,12.8,22.5,38.3,42.4,53.5,65.2,64.7,69.6,53.9,43.2,36.3,17.9,43.4
Montana,1973,24.9,29.6,39.5,40.2,55.4,63.6,71.4,71.1,58.1,49.2,25.2,28.9,46.4
Montana,1974,19.8,33.8,33.3,47.1,49.4,66.9,72.8,62.9,54.8,51.4,38.7,32.5,46.9
Montana,1975,22.7,13.1,27.3,30.9,50,58.8,71.8,64.8,57.3,45.7,32.8,28.6,42
Montana,1976,26.4,30.5,31.6,46.1,56.9,61,70.3,67.8,61.2,46.5,36.5,31.5,47.2
Montana,1977,21.6,39.2,34,47.1,51.2,65.4,68,62.5,56.1,47.8,30.8,16.5,45
Montana,1978,7.6,14.4,33.6,44,51.3,62.5,67,66.5,58.8,48.8,23.8,17.3,41.3
Montana,1979,6.5,18.8,34.6,40.6,51.4,62.9,69,68.5,62.9,49.4,33.4,34.6,44.4
Montana,1980,15.2,28,32.4,52.9,57.1,60.9,69.3,62.3,58,49,39.3,23.7,45.7
Montana,1981,33.8,30.8,37.2,46.5,52.8,58.1,66.5,69.7,59.8,45.3,40.8,24.6,47.2
Montana,1982,6.3,19.5,27.9,37.9,48.4,60.2,66.8,65,53.9,46.5,32.1,26.7,40.9
Montana,1983,32.2,36.6,35.8,41.7,50.7,60.1,65.8,72.4,53.6,48.9,35.1,4,44.7
Montana,1984,29.5,36.9,35.3,44.4,51.7,59.7,69.7,71.6,51.8,40.2,35.5,13,44.9
Montana,1985,19.1,21.6,33.4,48.5,57.3,62.2,73,61.7,48.2,44.5,12.2,24.6,42.2
Montana,1986,36.6,18.6,43.9,42.4,53.2,66,64.9,69,51.4,49.6,31.9,33.1,46.7
Montana,1987,32.3,36,36.2,52.7,57.8,65.4,66.8,61.5,58.9,47.5,40.4,29.6,48.8
Montana,1988,23.6,28.9,37.3,46.8,56.4,69.5,69.1,67.1,56,49.7,35.7,29.5,47.5
Montana,1989,27.9,10.3,29,43.3,50.9,60.8,70.2,64,56.1,46.2,36.6,27.5,43.6
Montana,1990,29.9,28,35.7,44.3,49.8,59.8,67.5,68.5,62.4,46,37.6,17.8,45.6
Montana,1991,19,39.2,35,43.1,51.2,57.9,68,71.6,57.7,42.4,31.7,34.9,46
Montana,1992,34.6,36.6,40.8,47.1,55.3,62.8,61.5,62.9,56.8,47.6,35.2,18.4,46.6
Montana,1993,14.8,19.3,37.6,43.7,55.5,56.5,58,60.5,52.5,46.1,28.1,33.5,42.2
Montana,1994,27.3,17.2,39.6,44.5,54.7,60.5,68.7,67.1,60.1,44.1,30.4,28.6,45.2
Montana,1995,28.3,28,30.2,39.8,49.3,57,63.9,64,56,43.2,35.1,26.7,43.5
Montana,1996,12,26.3,24.5,44.4,46.8,60.7,67,67.3,54.1,43.2,20.7,15.3,40.2
Montana,1997,17.4,31.2,33.5,36.6,51.8,59.3,65.2,65.3,60.5,45.7,34.3,30.7,44.3
Montana,1998,21.6,33.5,31.4,45.1,54.1,55.3,69.2,69.1,63.1,46.2,35.5,24.7,45.7
Montana,1999,27.4,34.5,37.7,39.9,49.6,57.7,63.6,68,52.5,46.7,43.3,35.1,46.3
Montana,2000,25.7,27.9,36.8,45.5,53,59,69.8,68.3,55.8,45.4,25.1,19.1,44.3
Montana,2001,30.5,17.4,36,42.1,55.3,60,68.6,70.8,60.6,46.1,41.8,25.3,46.2
Montana,2002,26.2,30.3,17.4,38.2,49.8,59.4,71.2,60.8,57,37.6,38.6,30.8,43.1
Montana,2003,29.2,24.4,31.1,46,51.1,60.8,72.4,71,56.4,48.9,27.1,30.3,45.7
Montana,2004,20.4,31.1,40.2,45,48,56.3,68,64.4,54.9,44.1,37,31.3,45.1
Montana,2005,20.3,31.7,34.6,43.9,50.3,58.3,69.1,65.8,56.5,48.2,36.8,25,45
Montana,2006,37,27,31.9,46.5,54.3,62.8,73.5,67.2,58.3,43.2,31.9,32,47.1
Montana,2007,27.5,23.6,41.9,42,53.8,62.4,76.8,67.6,56.4,48.5,33.5,26.7,46.7
Montana,2008,22.5,29.6,34.2,38.6,52,58.4,67.9,68.1,55,46.5,40.6,16.5,44.2
Montana,2009,26.2,29.2,30.8,40.4,51.3,57.9,66.9,65.2,63.6,38.9,39.6,14.3,43.7
Montana,2010,27.8,26.6,42,42.5,47.5,58.2,65.2,65,55.2,51,27.5,23.2,44.3
Montana,2011,23.5,16.9,31.3,38.7,49.8,56.6,68.2,69.4,62.3,48,34.1,31.6,44.2
Montana,2012,28.6,28.6,40.7,47.7,50.6,61.3,72.9,69.2,60.9,43.8,38.4,25.8,47.4
Montana,2013,29.4,32.9,36,39.4,52.5,59.9,69.8,69.7,61.9,42.7,33.8,21.1,45.8
Montana,2014,29.4,14.7,29.8,43.2,51.7,57.4,70.4,67.3,57,51.6,26.2,28.4,43.9
Montana,2015,26.9,31,43.6,44.2,50.7,65.2,67.5,68.6,57.8,48.6,31.5,26.6,46.8
Montana,2016,27.3,38.2,39.6,46.4,51.2,62.6,67.1,65.4,55.6,46.4,43.6,14.3,46.5
Montana,2017,17.9,25.5,37.7,43.9,54.4,61.7,73.4,67,56.7,45.2,32.9,21.1,44.8
Montana,2018,26.8,11.8,29.4,38.4,57.6,61.5,67.7,66.6,54,44.2,33.6,29.4,43.4
Montana,2019,29.6,-0.2,23.4,43.6,49.7,59.9,66.3,66.8,56,36.8,31.3,31.7,41.2
Montana,2020,26.7,30,31.7,39.2,51.3,60.2,66.5,68.9,58.9,40.8,37.2,33.8,45.4
Montana,2021,31.3,12.4,39.1,41.5,48.6,64.9,73.7,66.1,59.8,48,40.5,20.1,45.5
Montana,2022,27.8,25,36.3,36.9,50.2,59.4,71.1,72.3,62.2,49.4,23.3,17.2,44.3
Wyoming,1900,28.2,18.1,37.8,42.9,55.5,65.8,65.2,64.8,54.3,46,33.8,26.5,44.9
Wyoming,1901,23.7,16.8,34,41.6,57.1,58.2,71.5,68,53.7,47.7,35.9,21.7,44.2
Wyoming,1902,18.9,29.1,31,41.8,53.8,61.6,63.4,65.6,54.2,46.2,32.8,22.6,43.4
Wyoming,1903,23,15.9,30.1,41.5,49,60.8,65.3,66.3,51.7,46.6,34,22.3,42.2
Wyoming,1904,20.3,29.3,33.7,44.4,51,58.5,64.4,65.5,56.7,46.2,35.9,23.7,44.1
Wyoming,1905,20,18.3,37.1,42.3,48,58.9,65.2,66.6,57.9,38.6,29.7,12.3,41.2
Wyoming,1906,17,25.8,19.8,43.6,51.1,57,65.2,65,57.3,43.8,30.7,29.2,42.1
Wyoming,1907,19.4,32.3,37.6,41.4,46.3,56.1,65.8,63.2,56.3,48.1,31.5,19.3,43.1
Wyoming,1908,20,22.8,30.8,45.5,48.3,55.9,66.6,62.7,56.7,40.8,29.8,19.1,41.6
Wyoming,1909,24.4,24.5,30.6,37.2,46.9,60.9,68.5,68.2,56.4,45,33.4,3.7,41.6
Wyoming,1910,11.8,12.2,43,48.5,52.3,63.8,69.1,64.2,57,47.5,35.4,26.6,44.3
Wyoming,1911,28.1,18.5,36.3,41.3,51.9,62.2,64.8,63.9,56.3,40.1,26.7,12.2,41.9
Wyoming,1912,18,20.3,16.1,41.1,49.2,60.6,66.7,64.1,47.6,40.4,34.1,20.8,39.9
Wyoming,1913,20.6,10.1,27.6,44.6,53.3,62.1,66.4,69.2,55.2,40.4,33.9,10.6,41.2
Wyoming,1914,23.5,22.7,36.6,42,54,60.8,69.2,66.4,57.3,47.3,37.5,15.2,44.4
Wyoming,1915,19.3,30.8,33.4,51.1,49,55.3,63.1,64.5,54.1,48.6,34.2,22.9,43.9
Wyoming,1916,8.6,23.7,38.5,43.5,47.7,60.2,70.7,65.9,55.7,40.4,23.4,12.1,40.9
Wyoming,1917,13.5,23.6,26.9,38.1,45.9,58.3,71.8,64.2,57.8,42.5,35.9,30.2,42.4
Wyoming,1918,16.8,24.6,41.5,36.5,49.5,67.3,67.1,65,56,48.8,26.3,20.9,43.4
Wyoming,1919,22.2,23.3,37.2,44.7,55.4,66.1,73.1,68.6,59.8,33.1,20.1,14.3,43.2
Wyoming,1920,20.2,20.2,28,35.3,51.6,60.4,68.2,65.2,56.3,42.4,18.8,16,40.2
Wyoming,1921,20.7,27.8,38.2,39.4,53.9,63.5,68.9,66.5,55.1,50.3,36.8,18.3,44.9
Wyoming,1922,7.4,16.1,29.5,37.8,51.8,65.2,68,70.6,61.3,46.2,21.3,21.7,41.4
Wyoming,1923,27,14.6,28.1,41.2,52.6,60.3,71.1,66.3,56.4,37.1,23,17.1,41.2
Wyoming,1924,12.2,25.8,23.4,40.5,50.3,60.3,67.6,66.5,55.5,45.5,35.1,11.1,41.2
Wyoming,1925,20.8,34.7,37.5,46,54.9,61.4,69.9,65.9,56.7,37.5,28.7,24.4,44.9
Wyoming,1926,14.4,27,32,46.6,54.5,63.3,68.3,67.2,52.1,47.2,35.7,18.5,43.9
Wyoming,1927,21.2,27.2,31.8,41.1,50,61.9,67.7,62.1,55.1,47.6,37.1,14.1,43.1
Wyoming,1928,23.2,22.3,34.5,39.8,55.6,55.6,68.1,65,57,43.5,27.4,11,41.9
Wyoming,1929,10.6,12.2,32.4,40.3,50.6,60.3,71.1,71.5,53.6,45.7,19,29.1,41.4
Wyoming,1930,3,34.2,30.9,50.5,50.7,61.6,70.4,67.1,57.5,43.7,33.4,21.6,43.7
Wyoming,1931,24.8,29.3,33.1,43.6,51.8,66.4,71.7,67.8,59.8,47.5,27.2,13.2,44.7
Wyoming,1932,9.6,25.8,29.9,43.1,53.3,62.9,70.6,68.6,59.1,41.3,36.8,9.6,42.6
Wyoming,1933,22,16.1,36.2,38.2,49.8,68.7,72.5,65.5,59.4,50.6,37.1,33.9,45.8
Wyoming,1934,29.5,29.4,39.5,46.5,61.3,62.9,71.9,68.6,53.1,51.4,35.3,22.2,47.6
Wyoming,1935,26.8,27.9,32.8,40.3,46.3,62.2,71.8,68,59.5,45.8,29.1,21.8,44.4
Wyoming,1936,22.6,12,33.7,44.5,58.3,66.2,73.2,67.9,56.6,44.3,32.1,24.7,44.7
Wyoming,1937,0.8,23.6,31.4,41.5,55.3,59.7,69.4,70,60.1,48.8,32.2,22.2,42.9
Wyoming,1938,22.1,28.6,34,44.2,50.9,64.3,68.5,66.9,62.2,48.8,24.3,24.1,44.9
Wyoming,1939,25.2,12.7,35.3,46.5,56.4,59.4,71.3,67.1,58.6,47.6,36,31.5,45.6
Wyoming,1940,14.2,25.5,38.6,43.6,56.3,66.3,72.7,69.8,61.8,50,24.2,23.9,45.6
Wyoming,1941,20.8,25.4,30.1,41.2,55.8,61.9,68.8,66.6,52.7,42.2,35,25.3,43.8
Wyoming,1942,10.7,13.6,30.9,47.2,49.7,60,71.3,67.7,56.9,45.6,29.5,27.4,42.5
Wyoming,1943,22.3,31.3,25.7,49.8,49.9,59.3,69.9,68.6,58.5,47.8,34.1,20.3,44.8
Wyoming,1944,11.2,16.4,26.5,40.9,53.8,57.8,66.1,66.6,56.9,48.2,25.4,10.9,40.1
Wyoming,1945,20.3,24,32.9,33.4,53,55.4,69.5,66.9,53.2,49.6,29.9,17.4,42.1
Wyoming,1946,24.1,29.1,39,49.8,48.9,62.7,71.9,68.3,56.5,39.6,29.9,30.2,45.8
Wyoming,1947,19.4,24.7,33.3,40.8,54,55.6,70.6,68.3,60.6,49.3,26.6,24.3,44
Wyoming,1948,19.5,20.1,26.5,44,54.4,63.4,70,69.3,62.5,46.6,28.8,18.3,43.6
Wyoming,1949,1.4,18.3,32.4,48.4,53.7,60.2,70.5,70.1,58.5,39.5,42.6,20.8,43
Wyoming,1950,17.7,31.6,32,41.8,45.8,59.2,65.3,66.9,54.9,51.3,30.8,31.8,44.1
Wyoming,1951,20.5,27.8,29.8,40.7,52,54.8,68.9,66.8,55.4,43.4,30.7,19.9,42.6
Wyoming,1952,21.4,24.3,26.9,46.9,53.2,64.1,69,68.8,63.1,50,26.6,23.3,44.8
Wyoming,1953,31.8,24.2,34.7,38.6,47.3,62.8,73.5,69.5,61.9,49.6,37.3,25.1,46.4
Wyoming,1954,27.1,36.3,26.7,46.7,53.2,61.7,74.7,69.3,61,45.1,39,25.6,47.2
Wyoming,1955,22.9,18.7,26.1,41.3,54.5,60.2,72.2,72,59.6,49.7,26.8,23.1,43.9
Wyoming,1956,22,16.8,32.7,42,55.3,67.1,70.3,67.1,61.2,49,29.1,25.9,44.9
Wyoming,1957,14.7,32.5,35,38,51.4,60.1,70.1,69.8,56.2,46.2,24.9,28.9,44
Wyoming,1958,23,32.9,29.4,41,57.7,62.1,65.7,70.7,59.7,49.5,31.3,26.3,45.8
Wyoming,1959,20.5,21,32.8,43.4,49,66,70.9,70.9,56.5,43.9,27.5,25.9,44
Wyoming,1960,18,19.2,33.1,45.4,54.5,64.7,72.9,68.2,60.9,47.1,30.4,20.2,44.6
Wyoming,1961,22.1,29.2,36.2,41.7,53.7,66.9,71.1,71.6,50.6,42.5,23.1,17.7,43.9
Wyoming,1962,8.6,24.6,31.3,47.1,54,61.3,68.3,67.7,59.4,51.5,37.2,27.9,44.9
Wyoming,1963,6.9,34.2,33.5,41.1,55.5,62.1,70.8,69.8,63.5,53.6,36.3,19.2,45.5
Wyoming,1964,20.4,21.7,26.8,41,53.5,59.1,74.1,66.7,57.6,48.5,32.6,24.9,43.9
Wyoming,1965,29.7,24,23.7,45.3,49.6,60.4,70,67.1,47.9,51.9,38.6,25.8,44.5
Wyoming,1966,22.6,24.2,35,39.9,56.7,62.2,74.7,67.5,61.4,43.2,34.2,24.1,45.5
Wyoming,1967,26.5,27.8,36.6,41.3,49.9,57.5,69,69.2,60.6,48.1,28.1,15,44.1
Wyoming,1968,15.5,24.6,36.3,38.7,49.5,61.1,69.7,64.5,56.8,47.9,30.4,17.5,42.7
Wyoming,1969,25.3,28.2,29.5,47,57,56.8,71.4,73.1,63.8,37.8,33.8,25.5,45.8
Wyoming,1970,24.4,33.6,29.7,36.7,54.3,62.9,71,72.8,53.4,41.1,32.4,21.4,44.5
Wyoming,1971,26.5,26.1,32.6,40.9,50.9,63.9,68.3,72.6,53.4,40.9,27,21.5,43.7
Wyoming,1972,19.5,27.5,40.9,43.2,51.9,64.1,66.9,67.3,56.7,43.9,27.9,12.5,43.5
Wyoming,1973,9.4,13.6,26.4,34.1,52.5,63.7,68.5,69.9,53.8,47.9,31.9,25.6,41.4
Wyoming,1974,18.2,27.1,36,43.6,51.4,66.3,72.4,65.1,56,48.1,33.8,19.5,44.8
Wyoming,1975,20.9,22.9,31.9,36.9,48,58.1,71.4,66.8,58,46.7,28.8,23.6,42.8
Wyoming,1976,19.2,27.1,32.3,44,54.6,60.4,72.4,66.9,59.7,43.5,33.7,25.4,44.9
Wyoming,1977,15.9,31.2,30.5,46.7,53.1,68.2,70.6,65.3,59.7,47.9,31.9,26.2,45.6
Wyoming,1978,17.4,22,38.3,45.2,49,62.5,69.7,66.5,59.3,48,20.7,9.1,42.3
Wyoming,1979,1.3,20.2,33.8,44.1,51.4,62.9,70.7,66.5,63.8,49.8,25.9,24.9,42.9
Wyoming,1980,14,25.2,32.5,45,52.2,64.1,72.2,66.5,59.9,47,31.2,34.3,45.3
Wyoming,1981,28.5,27.2,39.3,48.4,52.4,64.8,71.2,69.6,62.3,43.7,37.7,27,47.7
Wyoming,1982,22,25.4,35.8,41.3,51.9,61,70.5,73.3,55.2,44.3,29.5,18.2,44
Wyoming,1983,26.2,28.1,36.2,37.9,48.5,61.5,70,74,60.9,49,28.2,6.1,43.9
Wyoming,1984,16.1,20.3,31,40.2,55.9,63.2,73.3,72.4,55.1,41.5,32.1,20.5,43.5
Wyoming,1985,16.2,24.4,36,48.3,59.1,65.4,73.7,67.1,53.2,45.3,17.8,16.1,43.6
Wyoming,1986,21.9,24.5,44.1,44.9,52.5,68.2,68.6,69.7,55.2,45.9,31.2,18.8,45.5
Wyoming,1987,16.8,28,32.2,50.7,57.5,65.9,70.3,66.6,60.7,48.5,30.1,20.5,45.7
Wyoming,1988,19.1,29.7,33.1,48.8,55.5,72.5,75.3,70.9,58.6,53.5,34.7,20.6,47.7
Wyoming,1989,24.8,10.4,38.4,47.5,53.8,61.4,74,67.9,58.5,46,35.2,22,45
Wyoming,1990,29.1,28.6,37,46.3,52.4,65.1,70.6,70.9,64.8,47.2,33.4,13.3,46.6
Wyoming,1991,18.9,33.8,37.5,41.5,52.2,64.3,72.2,71.5,60,46.4,26.7,20.8,45.5
Wyoming,1992,20.6,33.1,41.6,50.7,57.3,63.3,65.7,68.1,60.2,50.1,28.9,15.9,46.3
Wyoming,1993,11.4,10.9,33.3,43.6,55.8,58.7,64.6,66.1,57.2,45.7,24.6,24.2,41.3
Wyoming,1994,28.7,21.7,38.7,46.2,60.4,67,71.2,71.7,62.8,43.6,29.2,29,47.5
Wyoming,1995,20.3,31.3,37.2,41.7,48.7,59.4,69,71.8,59.3,43.7,38,27.6,45.7
Wyoming,1996,19.9,27.7,31.2,44.6,51.7,65.9,72.7,71.5,57.6,45.4,34.8,26,45.8
Wyoming,1997,22,26.4,37.2,37.3,54,63.9,68.6,68.8,60.4,45.3,31.2,15.3,44.2
Wyoming,1998,23.5,25.5,29.2,42.8,53.7,54.8,72,70,63.4,45.6,34.5,23.6,44.9
Wyoming,1999,29.4,31.8,39.2,37.3,50.7,60.3,70.7,70.7,55,48.1,41.3,29.3,47
Wyoming,2000,27.6,33.1,37,47.2,55.8,63,73.4,72.9,57.4,45.7,16,18.6,45.6
Wyoming,2001,18,18.5,36,45.8,56.4,65.9,74.4,72.9,63.1,47,35.5,21.6,46.3
Wyoming,2002,21.9,24.7,28,43.5,52.2,66.4,74.9,67.2,60,39.4,29.8,21.7,44.1
Wyoming,2003,28.3,18.1,36.5,47.7,54.4,60.6,75.9,73.5,56.8,50.4,24.3,25.3,46
Wyoming,2004,19.1,22.9,38,44.5,53.2,61.1,68.7,66.2,58.6,46.8,32.3,27,44.9
Wyoming,2005,23.6,30.3,37.1,44.2,52.2,61.6,74.1,68,60.5,48.4,35.4,20.9,46.4
Wyoming,2006,30.3,23.6,34.3,47.2,56.5,68.8,75.9,70.2,56.6,44.1,35.6,26.3,47.4
Wyoming,2007,14.5,29.9,42.2,45,54.7,66.9,75.6,71.7,59.5,47.8,35.5,15.7,46.6
Wyoming,2008,14.9,25.3,32.9,40.9,50.7,61,73.4,70.4,57,44.5,38.7,21.6,44.3
Wyoming,2009,28,31.7,33.2,41.7,55.2,58.4,68.6,67.1,62.6,37.2,36,11.6,44.3
Wyoming,2010,17.3,21.6,36.4,42.6,46.8,61.2,70.7,69.8,62.1,51.8,32.7,26.4,44.9
Wyoming,2011,22.6,18.6,37.1,41.7,47.8,60.8,73.2,72.7,61.9,49.1,32.3,16.6,44.5
Wyoming,2012,27.6,26,44.2,49.4,54.7,68.2,75.5,72.9,63.2,45.3,37.8,23.7,49
Wyoming,2013,18.5,23.4,36.1,38.1,54.9,66.7,74.2,73.2,60.5,40.5,33.3,20.1,45
Wyoming,2014,24.7,21.1,35.9,44.1,54.6,61.1,72.5,67.3,61,51,29.4,23.2,45.5
Wyoming,2015,22.4,29.6,40,45,50.1,67.5,68.5,70.1,65.3,52.5,30.8,21.2,46.9
Wyoming,2016,20.5,33,38.4,44.6,51.3,68.4,72.5,68.3,59.3,49.8,36.8,16.7,46.6
Wyoming,2017,12.2,28.1,41.8,42.4,52.4,63.8,72.7,M,M,43.8,37.3,22,41.7
Wyoming,2018,22.9,20.9,36.3,43.9,55.3,64,72.3,69.4,61.8,44.6,29.1,22.3,45.2
Wyoming,2019,17.7,19.1,31.3,44.6,47.1,60.9,70.5,70.9,60.3,37.2,30.5,18.6,42.4
Wyoming,2020,23.8,19,35.3,41.2,55.6,64.3,72.9,73.3,60.1,44.3,35.8,23.5,45.8
Wyoming,2021,25.4,20.9,34.7,41.8,52,70.1,74.8,68.9,62.8,46.4,40.1,31.5,47.4
Wyoming,2022,25.6,24.5,35.4,40.3,50.3,63.4,74.9,72.1,64.6,48.6,26.8,16.4,45.2